Code,L1 Category,L2 Category,Name,Amount
A.08.06.006,Milk and dairy products,Fermented milk products,Acidophilus milk,2.9487
A.02.05.022,Vegetables and vegetable products (including fungi),Leaf vegetables,Alfalfa sprouts,0.0127
A.18.02.011,Products for special nutritional use,Dietary supplements,Red algae,0.0019
I.12.04.011,Fruit and vegetable juices,Mixed fruit juice,Multivitamin juices,5.646
A.05.02.001,Fruit and fruit products,Pome fruits,Apples,45.0622
A.05.03.001,Fruit and fruit products,Stone fruits,Apricots,0.0482
A.16.01,"Herbs, spices and condiments",Herbs,Bouquet garni,0.0037
A.01.05.004,Grains and grain-based products,Pasta (Raw),Asian-style noodles other than glass noodles,0.7342
A.02.07.001,Vegetables and vegetable products (including fungi),Stem vegetables (Fresh),Stems/stalks eaten as vegetables,0.056
A.02.03.004,Vegetables and vegetable products (including fungi),Fruiting vegetables,Aubergines,0.0183
A.05.06.014,Fruit and fruit products,Miscellaneous fruits,Avocados,0.1623
A.06.08.007,Meat and meat products (including edible offal),Preserved meat,Bacon,0.6011
A.16.05.007,"Herbs, spices and condiments",Condiment,Barbecue or steak sauces,0.0085
A.16.01.009,"Herbs, spices and condiments",Herbs,Basil,0.0002
I.19.04.001.002,Composite food (including frozen products),Beans-based meals,Beans and vegetables meal,0.0139
I.16.08.001.004,"Herbs, spices and condiments",Savoury sauces,White sauces,2.6029
A.02.01.002,Vegetables and vegetable products (including fungi),Root vegetables,Root and tuber vegetables (excluding starchy- and sugar-),0.1399
A.05.04.003,Fruit and fruit products,Berries and small fruits,Wild strawberries,2.5802
A.01.07.002.003,Grains and grain-based products,Fine bakery wares,"Biscuit with inclusions, filling or coating",1.1415
A.01.07.002.007,Grains and grain-based products,Fine bakery wares,Biscuits,2.0496
A.01.07.002.010,Grains and grain-based products,Fine bakery wares,"Biscuits, oat meal",0.0266
A.01.07.002.001,Grains and grain-based products,Fine bakery wares,"Biscuits, sweet, plain",0.8123
A.01.07.002.009,Grains and grain-based products,Fine bakery wares,"Biscuits, sweet, wheat wholemeal",0.4579
A.10.03.001,Sugar and confectionary,Chocolate (Cocoa) products,Bitter chocolate,0.0119
A.02.01.005,Vegetables and vegetable products (including fungi),Root vegetables,Wasabi roots,0.0042
A.05.04.004,Fruit and fruit products,Berries and small fruits,Blackberries and similar-,0.0177
A.11.05,Animal and vegetable fats and oils,Fats of mixed origin,Functional vegetable margarines/fats,0.0181
A.11.06.001,Animal and vegetable fats and oils,Margarine and similar products,Traditional margarine,5.422
A.06.09.003.001,Meat and meat products (including edible offal),Sausages,Blood-type sausage,1.4155
A.07.05.007,"Fish and other seafood (including amphibians, reptiles, snails and insects)",Water molluscs,Mussels,0.0132
A.05.04.008,Fruit and fruit products,Berries and small fruits,Blueberries,0.0662
A.04.02.001,"Legumes, nuts and oilseeds","Legumes, beans, dried",Yardlong beans (with pods),0.4446
A.19.10.005,Composite food (including frozen products),Ready to eat soups,Fish soup,0.521
A.06.05.001,Meat and meat products (including edible offal),Mixed meat,"Bovine and pig, minced meat",3.7854
A.06.01.001,Meat and meat products (including edible offal),Livestock meat,"Cow, ox or bull fresh meat",8.4521
A.01.04.001.001,Grains and grain-based products,Bread and rolls,"Wheat bread and rolls, white (refined flour)",13.7809
A.01.04.007.001,Grains and grain-based products,Bread and rolls,Breadcrumbs,0.0081
A.06.09.004.001,Meat and meat products (including edible offal),Sausages,Breakfast-type sausage,0.5102
A.16.08.002,"Herbs, spices and condiments",Savoury sauces,"Continental european brown cooked sauce, gravy",5.6442
A.02.04.001,Vegetables and vegetable products (including fungi),Brassica vegetables,Broccoli,1.3152
A.10.01.002,Sugar and confectionary,Sugars,Brown sugar,0.0015
A.02.04.003,Vegetables and vegetable products (including fungi),Brassica vegetables,Brussels sprouts,0.0148
A.01.02.006,Grains and grain-based products,Grains for human consumption,Buckwheat and other pseudo-cereals and similar-,0.0136
A.01.02.001.004,Grains and grain-based products,Grains for human consumption,Bulgur,0.0511
A.01.07.001.002,Grains and grain-based products,Fine bakery wares,Yeast leavened sweet doughs,10.7445
A.11.01.001,Animal and vegetable fats and oils,Animal fat,Milk fat from other animals,5.4224
A.01.07.001.008,Grains and grain-based products,Fine bakery wares,Spice cakes,2.4951
A.10.04.001,Sugar and confectionary,Confectionery (non-chocolate),Hard candies,1.0367
A.07.01.013,"Fish and other seafood (including amphibians, reptiles, snails and insects)",Fish meat,Smoked mackerel,0.2308
A.02.15.001,Vegetables and vegetable products (including fungi),"Fungi, cultivated",Wild fungi and similar-,0.2841
I.04.02.022,"Legumes, nuts and oilseeds","Legumes, beans, dried",Runner beans (dry),0.0268
A.05.09.006.012,Fruit and fruit products,Other fruit products (excluding beverages),Miscellaneous fruits (generic),0.1057
A.05.09.006.001,Fruit and fruit products,Other fruit products (excluding beverages),Canned or jarred mandarin,0.0187
A.05.09.006.008,Fruit and fruit products,Other fruit products (excluding beverages),Canned or jarred peach,0.1151
A.05.09.006.003,Fruit and fruit products,Other fruit products (excluding beverages),Canned or jarred pear,0.0199
I.04.02.024,"Legumes, nuts and oilseeds","Legumes, beans, dried",Peas (dry) and similar-,0.0407
A.05.09.006.011,Fruit and fruit products,Other fruit products (excluding beverages),Canned or jarred pineapple,0.1561
A.05.09.006.007,Fruit and fruit products,Other fruit products (excluding beverages),Canned or jarred sour cherry,0.0277
A.07.01.003,"Fish and other seafood (including amphibians, reptiles, snails and insects)",Fish meat,Sardines and sardine-type fishes,0.0348
A.07.01.014,"Fish and other seafood (including amphibians, reptiles, snails and insects)",Fish meat,Tuna and bonito (generic),0.2532
I.19.07.004.001,Composite food (including frozen products),Vegetable-based meals,Salted vegetables,12.5859
A.16.02.009,"Herbs, spices and condiments",Spices,Capers buds,0.002
A.15.03.002,Drinking water (water without any additives except carbon dioxide; includes water ice for consumption),Bottled water,Still natural mineral water,3.6779
A.02.01.003,Vegetables and vegetable products (including fungi),Root vegetables,Carrots,9.7891
A.02.04.002,Vegetables and vegetable products (including fungi),Brassica vegetables,Romanesco cauliflowers,0.2641
A.19.11.008,Composite food (including frozen products),Prepared salads,Prepared meat salad,0.36
A.02.01.004,Vegetables and vegetable products (including fungi),Root vegetables,Celeriacs,0.0008
A.01.06.003.001,Grains and grain-based products,Breakfast cereals,Cereal bars mixed,0.0126
A.19.10.002,Composite food (including frozen products),Ready to eat soups,"Grains soup, dry",0.3544
I.17.05.006,Food for infants and small children,Cereal-based food for infants and young children,Cereals with an added high protein food reconstituted,10.6653
A.17.05.002,Food for infants and small children,Cereal-based food for infants and young children,Cereals with an added high protein food which have to be reconstituted with water or other protein-free liquid,0.0334
A.02.16.006,Vegetables and vegetable products (including fungi),"Fungi, wild, edible",Chanterelles,0.0165
A.01.03.008.003,Grains and grain-based products,Grain milling products,Chapati,0.0378
A.02.05.013,Vegetables and vegetable products (including fungi),Leaf vegetables,Swiss chards,0.0051
I.16.08.001.001,"Herbs, spices and condiments",Savoury sauces,Cheese sauce,0.5893
A.08.08.069,Milk and dairy products,Cheese,Soft brined cheese (feta type),0.1
A.05.03.006,Fruit and fruit products,Stone fruits,Cherries and similar-,0.1122
A.10.04.016,Sugar and confectionary,Confectionery (non-chocolate),Chewing gum,0.0702
A.06.02.001,Meat and meat products (including edible offal),Poultry,Poultry fresh meat (muscle meat),10.0603
A.04.02.005,"Legumes, nuts and oilseeds","Legumes, beans, dried",Hummus,0.0326
A.02.03.003,Vegetables and vegetable products (including fungi),Fruiting vegetables,Chili peppers,0.0002
A.02.04.005,Vegetables and vegetable products (including fungi),Brassica vegetables,Chinese cabbages and similar-,0.0506
A.20.01.001,"Snacks, desserts, and other foods",Snack food,Potato starch-based snacks,2.7655
A.16.01.002,"Herbs, spices and condiments",Herbs,Chives,0.0044
I.10.03.002.002,Sugar and confectionary,Chocolate (Cocoa) products,Couverture chocolate,0.2313
A.01.07.001.006,Grains and grain-based products,Fine bakery wares,Chocolate-based cakes,1.6921
I.10.03.006.001,Sugar and confectionary,Chocolate (Cocoa) products,Chocolate coated confectionery,0.1125
A.10.05.002,Sugar and confectionary,Dessert sauces,Dessert sauces/toppings,0.5492
I.10.03.004.001,Sugar and confectionary,Chocolate (Cocoa) products,Chocolate spread,0.2819
A.14.04.001,Alcoholic beverages,"Wine-like drinks (e.g. Cider, Perry)",Cider,2.2095
A.16.02.014,"Herbs, spices and condiments",Spices,Cinnamon bark and similar-,0.0889
A.05.04.016,Fruit and fruit products,Berries and small fruits,Cloudberries,0.028
A.02.11.003,Vegetables and vegetable products (including fungi),Cocoa beans and cocoa products,"Cocoa beverage-preparation, powder",1.2867
A.13.05.002,Non-alcoholic beverages (excepting milk based beverages),Cocoa beverage,Cocoa beverages,0.2716
A.02.11.002,Vegetables and vegetable products (including fungi),Cocoa beans and cocoa products,Cocoa powder,0.0078
A.02.14.009,Vegetables and vegetable products (including fungi),Vegetable products,Coconut water,0.0407
A.04.03.006,"Legumes, nuts and oilseeds",Tree nuts,Coconuts,0.0289
I.07.01.017.001,"Fish and other seafood (including amphibians, reptiles, snails and insects)",Fish meat,Salted seafood,2.5675
A.13.03.002,Non-alcoholic beverages (excepting milk based beverages),Coffee (Beverage),Coffee beverages,0.5222
A.13.01.003,Non-alcoholic beverages (excepting milk based beverages),Soft drinks,Cola-type drinks,41.6374
A.18.02.003,Products for special nutritional use,Dietary supplements,Combination of vitamin and mineral only supplements,0.0781
A.05.06.015,Fruit and fruit products,Miscellaneous fruits,Common banana,18.8246
A.02.05.020,Vegetables and vegetable products (including fungi),Leaf vegetables,Common nettle,0.0025
A.05.03.011,Fruit and fruit products,Stone fruits,Peaches and similar-,0.9202
A.05.09.007.002,Fruit and fruit products,Other fruit products (excluding beverages),"Fruit compote, apple",0.4538
A.01.07.002.002,Grains and grain-based products,Fine bakery wares,Confectionery including chocolate,11.5907
A.06.08.002,Meat and meat products (including edible offal),Preserved meat,"Ham, beef",0.0063
A.06.08.001,Meat and meat products (including edible offal),Preserved meat,Raw cured (or seasoned) meat,3.5244
A.06.09.004.007,Meat and meat products (including edible offal),Sausages,Tinned bulk sausages,0.1675
A.20.01.002,"Snacks, desserts, and other foods",Snack food,Corn chips,0.0852
A.20.01.004,"Snacks, desserts, and other foods",Snack food,Corn curls,0.564
I.08.08.187,Milk and dairy products,Cheese,Cottage cheese,0.2463
A.02.03.008,Vegetables and vegetable products (including fungi),Fruiting vegetables,Courgettes and similar-,0.0443
A.01.03.001.007,Grains and grain-based products,Grain milling products,Couscous,0.4294
A.08.01.001.002,Milk and dairy products,Liquid milk,Cow milk,326.6371
A.01.07.002.006,Grains and grain-based products,Fine bakery wares,Crackers and breadsticks,0.019
A.08.08.113,Milk and dairy products,Cheese,Mascarpone,0.0906
I.16.08.003.002,"Herbs, spices and condiments",Savoury sauces,Cream with other ingredients,1.7115
A.08.05.001.003,Milk and dairy products,Cream and cream products,"Cream, plain",1.4319
A.08.05.004.005,Milk and dairy products,Cream and cream products,Créme fraiche and other mild variants of sour cream,0.717
A.01.04.005.002,Grains and grain-based products,Bread and rolls,"Crisp bread, rye, refined flour",0.0558
A.01.04.005.001,Grains and grain-based products,Bread and rolls,Rye crisp bread,3.4791
A.01.04.005.003,Grains and grain-based products,Bread and rolls,Wheat crisp bread,0.2297
A.02.05.002,Vegetables and vegetable products (including fungi),Leaf vegetables,Romaines,0.2751
A.01.07.001.012,Grains and grain-based products,Fine bakery wares,Croissant,0.0204
A.02.03.006,Vegetables and vegetable products (including fungi),Fruiting vegetables,Cucurbits fruiting vegetables,7.9919
A.06.09.001.002,Meat and meat products (including edible offal),Sausages,Teewurst-type sausage,10.1129
A.06.08.012,Meat and meat products (including edible offal),Preserved meat,"Pastrami, beef",0.1556
A.06.08.011,Meat and meat products (including edible offal),Preserved meat,Tiroler speck,2.0894
A.06.08.006,Meat and meat products (including edible offal),Preserved meat,Cured seasoned poultry meat,0.2179
A.02.05.004,Vegetables and vegetable products (including fungi),Leaf vegetables,Escaroles and similar-,0.0019
A.05.04.010,Fruit and fruit products,Berries and small fruits,Currants and similar-,0.0085
A.16.05.012,"Herbs, spices and condiments",Condiment,Curry sauce,0.5996
A.20.02.004,"Snacks, desserts, and other foods",Ices and desserts,Custard,1.4104
I.20.02.001.008,"Snacks, desserts, and other foods",Ices and desserts,Dairy snacks,0.5706
I.20.02.001.006,"Snacks, desserts, and other foods",Ices and desserts,Dairy imitates other than milks,0.0025
A.16.02.018,"Herbs, spices and condiments",Spices,Dill leaves,0.0012
A.19.11.010,Composite food (including frozen products),Prepared salads,Prepared mixed egg/meat/fish/vegetable salad,0.3603
I.19.01.001.012,Composite food (including frozen products),Cereal-based dishes,Doner kebab,0.202
A.01.07.001.017,Grains and grain-based products,Fine bakery wares,Doughnuts-berliner,0.1198
A.10.04.008,Sugar and confectionary,Confectionery (non-chocolate),"Dragée, sugar coated",0.0368
A.05.07.004,Fruit and fruit products,Dried fruits,Dried apricots,0.0071
A.05.07.007,Fruit and fruit products,Dried fruits,Dried dates,0.0075
A.05.09.001,Fruit and fruit products,Other fruit products (excluding beverages),Mixed dried fruits,0.0032
A.04.03.004,"Legumes, nuts and oilseeds",Tree nuts,Dried nuts/seeds and related flours and powders,0.2342
A.05.07.003,Fruit and fruit products,Dried fruits,Dried prunes,0.0474
A.05.07.001,Fruit and fruit products,Dried fruits,Dried vine fruits (raisins etc.),0.5141
A.07.04.001,"Fish and other seafood (including amphibians, reptiles, snails and insects)",Crustaceans,Freshwater crabs,0.0042
A.09.01.003,Eggs and egg products,"Eggs, fresh",Hen egg white,1.8175
A.08.01.003,Milk and dairy products,Liquid milk,Water buffalo milk,0.1461
I.08.08.193,Milk and dairy products,Cheese,Ripened cheese,0.0202
A.01.04.006.003,Grains and grain-based products,Bread and rolls,Puffs/curls-type extruded snack,0.7755
I.10.03.005.002,Sugar and confectionary,Chocolate (Cocoa) products,Gianduja chocolate,0.3815
A.18.04.001,Products for special nutritional use,Dietetic food for diabetics (labelled as such),Fine dough without yeast,2.3122
A.19.01.002.005,Composite food (including frozen products),Cereal-based dishes,"Sandwiches, pizza and other stuffed bread-like cereal products",1.3445
A.08.08.011,Milk and dairy products,Cheese,"Firm-ripened cheese with added herbs, spices or other ingredients",8.0716
I.08.08.191,Milk and dairy products,Cheese,Firm/semi-hard cheese (gouda and edam type),0.317
I.07.01.006.001,"Fish and other seafood (including amphibians, reptiles, snails and insects)",Fish meat,Smoked salmon,3.3955
I.19.06.003.001,Composite food (including frozen products),Fish and seafood based meals,Fish and vegetables meal,1.7815
A.19.06.002,Composite food (including frozen products),Fish and seafood based meals,Seafood-based meals,0.1867
A.07.02.001,"Fish and other seafood (including amphibians, reptiles, snails and insects)",Fish products,Fish balls,1.0124
A.07.02.003,"Fish and other seafood (including amphibians, reptiles, snails and insects)",Fish products,"Fish fingers, breaded",4.1398
I.19.06.007,Composite food (including frozen products),Fish and seafood based meals,Fish gratin,2.1853
I.07.02.004.003,"Fish and other seafood (including amphibians, reptiles, snails and insects)",Fish products,Fish paste or surimi,0.0518
I.07.02.005.002,"Fish and other seafood (including amphibians, reptiles, snails and insects)",Fish products,Fish pâté,0.0041
A.08.01.001.003,Milk and dairy products,Liquid milk,Flavoured milks,0.3853
A.08.05.003.006,Milk and dairy products,Cream and cream products,Flavoured sour cream,0.0209
A.08.06.005,Milk and dairy products,Fermented milk products,Traditional sour milk products,13.8304
A.08.04.001.002,Milk and dairy products,Whey and whey products (excluding whey cheese),"Whey, sweet",0.2424
A.02.07.004,Vegetables and vegetable products (including fungi),Stem vegetables (Fresh),Florence fennels,0.0076
A.01.03.008.004,Grains and grain-based products,Grain milling products,Unleavened doughs,0.0003
A.10.04.010,Sugar and confectionary,Confectionery (non-chocolate),Foamed sugar products (marshmallows),0.6354
A.18.05,Products for special nutritional use,Medical food (are specially formulated and intended for the dietary management of a disease that has distinctive nutritional needs that cannot be met by normal diet alone; intended to be used under medical supervision),"Formulations containing special fatty acids (e.g. Omega-3, essential fatty acids)",0.0255
A.06.09.004.005,Meat and meat products (including edible offal),Sausages,Sliceable or firm cooked sausages,10.0391
A.02.06.001,Vegetables and vegetable products (including fungi),Legume vegetables,Slicing bean (young pods),0.1307
I.08.08.188,Milk and dairy products,Cheese,Fresh uncured cheese,0.0867
A.03.01.003,Starchy roots and tubers,Potatoes and potatoes products,Fries (finger chips),9.1935
I.12.04.012,Fruit and vegetable juices,Mixed fruit juice,"Juice, citrus",3.2977
A.01.07.001.020,Grains and grain-based products,Fine bakery wares,Fruit cake,0.5752
A.05.09.007.004,Fruit and fruit products,Other fruit products (excluding beverages),"Fruit compote, apricot",0.4304
A.05.09.007.012,Fruit and fruit products,Other fruit products (excluding beverages),Other processed fruit products (excluding beverages),9.7193
I.05.09.007.013,Fruit and fruit products,Other fruit products (excluding beverages),Fruit in alcohol or spirits,0.187
A.13.02.003,Non-alcoholic beverages (excepting milk based beverages),Tea (Infusion),Rooibos infusion,0.297
I.12.02.024,Fruit and vegetable juices,Concentrated fruit juice,Fruit juices (100% from named source),24.5686
I.12.03.016,Fruit and vegetable juices,Fruit nectar,Fruit nectars (min. 25-50% fruit as defined in EU legislation),0.2648
A.17.06.005,Food for infants and small children,Ready-to-eat meal for infants and young children,Fruit or fruit-vegetable puree,1.2013
A.01.07.001.023,Grains and grain-based products,Fine bakery wares,Fruit pie-tarts,1.0752
A.05.09.002,Fruit and fruit products,Other fruit products (excluding beverages),Fruit salad,1.2721
A.05.09.005,Fruit and fruit products,Other fruit products (excluding beverages),Fruiting vegetables,2.5377
I.08.02.003,Milk and dairy products,Milk based beverages,Fruit smoothies,0.0509
I.19.10.009.002,Composite food (including frozen products),Ready to eat soups,"Fruit soup, dry",10.8149
A.10.05.003,Sugar and confectionary,Dessert sauces,Fudge sauce,0.3286
I.16.02.033,"Herbs, spices and condiments",Spices,Garlic and similar-,0.0097
A.16.10.008,"Herbs, spices and condiments",Baking ingredients,Gelatine,0.0005
I.20.02.006.001,"Snacks, desserts, and other foods",Ices and desserts,Gelatine dessert,0.1638
A.01.07.001.024,Grains and grain-based products,Fine bakery wares,Gingerbread,2.2533
A.01.05.001,Grains and grain-based products,Pasta (Raw),Glass noodle,0.058
A.02.07.005,Vegetables and vegetable products (including fungi),Stem vegetables (Fresh),Globe artichokes,0.017
A.10.01.008,Sugar and confectionary,Sugars,Glucose,0.0048
A.01.04.001.002,Grains and grain-based products,Bread and rolls,"Gluten free bread, white",0.0068
A.05.04.011,Fruit and fruit products,Berries and small fruits,Gooseberries and similar-,0.0239
A.05.06.018,Fruit and fruit products,Miscellaneous fruits,Pome fruits,0.075
A.05.01.001,Fruit and fruit products,Citrus fruits,Grapefruits and similar-,0.0711
A.19.11.002,Composite food (including frozen products),Prepared salads,Mushroom salad,1.1037
I.07.01.017.004,"Fish and other seafood (including amphibians, reptiles, snails and insects)",Fish meat,Haddock,0.1624
I.19.01.001.011,Composite food (including frozen products),Cereal-based dishes,Hamburger with bread,3.8586
A.06.03.006,Meat and meat products (including edible offal),Game mammals,Hare fresh meat,0.0144
A.04.03.007,"Legumes, nuts and oilseeds",Tree nuts,Primary derivatives from nuts and similar seeds,0.0171
A.09.01.002,Eggs and egg products,"Eggs, fresh",Hen egg yolk,0.0348
A.09.01.001,Eggs and egg products,"Eggs, fresh",Whole eggs,3.5933
A.13.02.004,Non-alcoholic beverages (excepting milk based beverages),Tea (Infusion),Wormwoods infusion leaves,0.37
I.16.01.018,"Herbs, spices and condiments",Herbs,Herbs/spices sauces,0.3461
A.07.01.001,"Fish and other seafood (including amphibians, reptiles, snails and insects)",Fish meat,Smoked herring,0.1923
I.16.08.005.002,"Herbs, spices and condiments",Savoury sauces,Hollandaise type sauce,1.2896
A.10.07.003,Sugar and confectionary,Honey,Minor honey types,0.1979
A.06.01.006,Meat and meat products (including edible offal),Livestock meat,"Horse meat, dried",0.0277
A.13.05.001,Non-alcoholic beverages (excepting milk based beverages),Cocoa beverage,"Hot drinks and similar (coffee, cocoa, tea and herbal infusions)",40.2973
I.19.01.001.013,Composite food (including frozen products),Cereal-based dishes,Hot dog with bread,0.4559
I.20.02.001.007,"Snacks, desserts, and other foods",Ices and desserts,"Ice cream, milk-based",19.4988
I.20.02.002.003,"Snacks, desserts, and other foods",Ices and desserts,"Ice cream, milk-imitate based",0.1273
A.08.09.002,Milk and dairy products,Milk and milk product imitates,Imitation cream,0.0604
A.17.02.005,Food for infants and small children,"Infant formulae, liquid","Infant formula, based on protein hydrolysates, liquid",0.2614
A.17.02.003,Food for infants and small children,"Infant formulae, liquid","Infant formula, soya-based, liquid",0.2444
I.13.06,Non-alcoholic beverages (excepting milk based beverages),Energy drink,Isotonic and sport drinks,0.2149
A.05.08.001.001,Fruit and fruit products,"Jam, marmalade and other fruit spreads","Jam, strawberries",3.8056
A.05.08.001.003,Fruit and fruit products,"Jam, marmalade and other fruit spreads","Jam, blackberries",0.0058
A.05.08.001.009,Fruit and fruit products,"Jam, marmalade and other fruit spreads","Jam, blueberries",0.1264
A.05.08.001.006,Fruit and fruit products,"Jam, marmalade and other fruit spreads","Jam, lingonberry",2.3089
A.05.08.001.018,Fruit and fruit products,"Jam, marmalade and other fruit spreads",Other fruit spreads,0.2157
A.05.08.001.016,Fruit and fruit products,"Jam, marmalade and other fruit spreads","Jam, oranges",0.59
A.05.08.001.002,Fruit and fruit products,"Jam, marmalade and other fruit spreads","Jam, raspberries",0.9829
A.05.08.001.014,Fruit and fruit products,"Jam, marmalade and other fruit spreads","Jam, sweet cherry",0.0195
A.10.04.013,Sugar and confectionary,Confectionery (non-chocolate),Soft candies and analogues,0.895
A.12.01.001,Fruit and vegetable juices,Fruit juice,Other fruit juices,16.163
A.12.06.002,Fruit and vegetable juices,Vegetable juice,"Juice, carrot",0.1324
A.12.01.006,Fruit and vegetable juices,Fruit juice,"Juice, grape",0.0679
A.12.01.003,Fruit and vegetable juices,Fruit juice,"Juice, grapefruit",0.0339
A.12.01.010,Fruit and vegetable juices,Fruit juice,"Juice, lemon",0.0596
A.12.01.002,Fruit and vegetable juices,Fruit juice,"Juice, orange",16.8304
A.12.01.004,Fruit and vegetable juices,Fruit juice,"Juice, pineapple",0.1273
A.05.06.007,Fruit and fruit products,Miscellaneous fruits,Kaki and similar-,0.1323
A.08.06.007,Milk and dairy products,Fermented milk products,Kefir,0.1018
A.05.06.008,Fruit and fruit products,Miscellaneous fruits,Sweetsops,1.272
A.06.01.004,Meat and meat products (including edible offal),Livestock meat,Lamb fresh meat,0.1655
A.02.07.006,Vegetables and vegetable products (including fungi),Stem vegetables (Fresh),Leeks and similar-,0.0392
A.19.10.006,Composite food (including frozen products),Ready to eat soups,Legume (beans) soup,0.1835
I.19.04.001.003,Composite food (including frozen products),Beans-based meals,Legumes based dishes,0.1748
A.05.01.003,Fruit and fruit products,Citrus fruits,Lemons and similar-,0.0487
I.04.02.023,"Legumes, nuts and oilseeds","Legumes, beans, dried",Lentils (dry),0.0445
A.05.01.004,Fruit and fruit products,Citrus fruits,Limes,0.0025
A.05.04.026,Fruit and fruit products,Berries and small fruits,Lingonberries and similar,0.047
I.14.05.001.002,Alcoholic beverages,Liqueur,Liquid drink bases (including concentrates and home-made preparations),0.0815
A.10.04.011,Sugar and confectionary,Confectionery (non-chocolate),Liquorice candies,0.0677
A.06.08.014,Meat and meat products (including edible offal),Preserved meat,Luncheon spiced ham-type tinned meat,0.0497
A.01.07.001.043,Grains and grain-based products,Fine bakery wares,Macaroons,0.1585
A.03.01.002,Starchy roots and tubers,Potatoes and potatoes products,Starchy root and tuber products,48.8722
A.11.04.003,Animal and vegetable fats and oils,Vegetable oil,"Maize oil, edible",0.0034
A.01.03.004.003,Grains and grain-based products,Grain milling products,Starches,0.076
A.05.01.005,Fruit and fruit products,Citrus fruits,Tangerines,14.5576
A.05.06.016,Fruit and fruit products,Miscellaneous fruits,Mangoes,0.2651
A.10.04.003,Sugar and confectionary,Confectionery (non-chocolate),Marzipan raw mass,0.027
A.02.14.008,Vegetables and vegetable products (including fungi),Vegetable products,Mashed vegetable puree,0.0076
A.16.06.005,"Herbs, spices and condiments",Dressing,"Mayonnaise, hollandaise and related sauces",0.8275
A.19.10.004,Composite food (including frozen products),Ready to eat soups,"Meat/poultry soup, dry",8.9077
A.19.05.002,Composite food (including frozen products),Meat-based meals,Meat balls,10.2831
A.19.05.004,Composite food (including frozen products),Meat-based meals,Meat stew,8.4589
A.19.05.001,Composite food (including frozen products),Meat-based meals,Meat burger (no sandwich),9.1784
A.06.10.003,Meat and meat products (including edible offal),Meat specialities,Meat in aspic,0.1005
A.06.10.001,Meat and meat products (including edible offal),Meat specialities,Meat loaf,0.5212
A.02.03.009,Vegetables and vegetable products (including fungi),Fruiting vegetables,Melons and similar-,1.417
I.01.07.001.075,Grains and grain-based products,Fine bakery wares,Meringue,0.3111
I.10.03.008.002,Sugar and confectionary,Chocolate (Cocoa) products,Milk chocolate,1.4912
A.08.02.002.003,Milk and dairy products,Milk based beverages,Milkshakes,1.1003
A.18.02.002,Products for special nutritional use,Dietary supplements,Zinc,0.0088
A.01.06.005.001,Grains and grain-based products,Breakfast cereals,Processed and mixed breakfast cereals,1.9354
A.19.11.001,Composite food (including frozen products),Prepared salads,Salads,6.5517
I.16.03.003.001,"Herbs, spices and condiments",Herb and spice mixtures,Mixed herbs and spices,0.0102
A.16.07.010,"Herbs, spices and condiments",Chutney and pickles,Mixed pickle,0.0706
A.19.10.001,Composite food (including frozen products),Ready to eat soups,Vegetables-based cooked sauce,6.5925
A.01.04.003.001,Grains and grain-based products,Bread and rolls,Mixed wheat and rye bread and rolls,28.9834
I.19.03.003.001,Composite food (including frozen products),Potato based dishes,Moussaka,0.1909
A.08.08.120,Milk and dairy products,Cheese,Mozzarella,0.0114
A.01.06.002.009,Grains and grain-based products,Breakfast cereals,Muesli plain,0.0567
A.01.07.001.036,Grains and grain-based products,Fine bakery wares,Muffins,0.325
A.01.04.004.002,Grains and grain-based products,Bread and rolls,Multigrain bread and rolls,0.0102
A.04.02.009,"Legumes, nuts and oilseeds","Legumes, beans, dried",Mung beans (without pods),0.0085
A.19.10.008,Composite food (including frozen products),Ready to eat soups,"Mushroom soup, dry",0.314
I.16.08.010.002,"Herbs, spices and condiments",Savoury sauces,Mushrooms cooked sauce,0.2133
I.16.08.010.003,"Herbs, spices and condiments",Savoury sauces,Mustard and related sauces,0.0024
A.16.05.001,"Herbs, spices and condiments",Condiment,"Mustard, sweet",0.2804
I.12.03.008,Fruit and vegetable juices,Fruit nectar,"Nectar, apricot",0.0127
A.12.03.003,Fruit and vegetable juices,Fruit nectar,"Nectar, pear",0.0356
A.03.01.001,Starchy roots and tubers,Potatoes and potatoes products,New potatoes,1.6339
A.01.05.002,Grains and grain-based products,Pasta (Raw),"Noodle, rice",0.014
A.18.05.001,Products for special nutritional use,Medical food (are specially formulated and intended for the dietary management of a disease that has distinctive nutritional needs that cannot be met by normal diet alone; intended to be used under medical supervision),Nutritionally complete formulae,0.2783
A.18.05.002,Products for special nutritional use,Medical food (are specially formulated and intended for the dietary management of a disease that has distinctive nutritional needs that cannot be met by normal diet alone; intended to be used under medical supervision),Nutritionally incomplete formulae,0.2712
A.01.06.007.001,Grains and grain-based products,Breakfast cereals,Oat porridge,4.0658
A.01.06.001.011,Grains and grain-based products,Breakfast cereals,Processed oat-based flakes,0.73
A.08.09.004,Milk and dairy products,Milk and milk product imitates,Spelt drink,1.7836
A.11.04.008,Animal and vegetable fats and oils,Vegetable oil,Olive pomace oil,0.037
A.05.05.001,Fruit and fruit products,Oilfruits,"Olives, processed",0.1331
A.19.08.004,Composite food (including frozen products),"Egg-based meal (e.g., omelette)",Omelette with vegetables,0.1273
A.19.08.001,Composite food (including frozen products),"Egg-based meal (e.g., omelette)","Omelette, plain",0.2975
A.02.02.002,Vegetables and vegetable products (including fungi),Bulb vegetables,Welsh onions,0.1193
I.16.02.034,"Herbs, spices and condiments",Spices,Onions and similar-,0.1068
A.05.01.002,Fruit and fruit products,Citrus fruits,Shaddocks,5.889
A.19.02.002,Composite food (including frozen products),Rice-based meals,Rice and meat meal,0.0776
A.03.01.007,Starchy roots and tubers,Potatoes and potatoes products,Potato crisps or sticks,6.5232
A.01.07.001.028,Grains and grain-based products,Fine bakery wares,Pancakes,17.1382
A.05.06.017,Fruit and fruit products,Miscellaneous fruits,Papayas,0.0221
A.16.01.005,"Herbs, spices and condiments",Herbs,Root parsley leaves,0.0071
A.02.01.007,Vegetables and vegetable products (including fungi),Root vegetables,Parsnip roots,0.0115
A.05.06.010,Fruit and fruit products,Miscellaneous fruits,Passionfruits,0.0034
A.01.05.013,Grains and grain-based products,Pasta (Raw),Pasta wholemeal,0.2798
A.19.01.003.005,Composite food (including frozen products),Cereal-based dishes,"Pasta, filled, cooked",0.4318
I.01.05.016,Grains and grain-based products,Pasta (Raw),"Pasta, plain (not stuffed), cooked",28.1213
A.01.05.006,Grains and grain-based products,Pasta (Raw),Pasta-like products,0.2015
I.01.07.001.051,Grains and grain-based products,Fine bakery wares,Shortcrust (pies -tarts),1.4916
A.06.11.004,Meat and meat products (including edible offal),"Pastes, pâtés and terrines","Pate, pork liver",1.7893
A.11.03.001,Animal and vegetable fats and oils,Vegetable fat,Peanut butter,0.0358
A.05.02.002,Fruit and fruit products,Pome fruits,Pears,10.5788
A.06.09.006.005,Meat and meat products (including edible offal),Sausages,Spalla cotta,0.0586
I.16.08.006.002,"Herbs, spices and condiments",Savoury sauces,Pesto,0.0117
A.02.14.005,Vegetables and vegetable products (including fungi),Vegetable products,Processed or preserved vegetables and similar,0.8973
A.06.01.003,Meat and meat products (including edible offal),Livestock meat,Porchetta,7.5279
A.05.06.021,Fruit and fruit products,Miscellaneous fruits,Pineapples,0.2189
A.01.04.005.007,Grains and grain-based products,Bread and rolls,Pita bread,0.7885
I.19.01.002.013,Composite food (including frozen products),Cereal-based dishes,Pizza and similar with cheese topping,8.6414
A.19.01.002.004,Composite food (including frozen products),Cereal-based dishes,"Pizza and similar with meat, and vegetables",0.1057
I.19.01.002.022,Composite food (including frozen products),Cereal-based dishes,Pizza and similar with processed meat topping,2.8942
I.19.01.002.016,Composite food (including frozen products),Cereal-based dishes,Pizza and similar with vegetable topping,0.129
A.07.01.021,"Fish and other seafood (including amphibians, reptiles, snails and insects)",Fish meat,Pleurotus,0.8892
A.05.03.002,Fruit and fruit products,Stone fruits,Plums and similar-,0.2043
A.20.01.005,"Snacks, desserts, and other foods",Snack food,Popcorn kernels,0.9201
A.03.01.009,Starchy roots and tubers,Potatoes and potatoes products,Potato croquettes,0.2251
I.03.01.013,Starchy roots and tubers,Potatoes and potatoes products,Potato puree,21.417
I.19.10.003.001,Composite food (including frozen products),Ready to eat soups,Potato soup,1.0506
A.19.03.004,Composite food (including frozen products),Potato based dishes,Potatoes and cheese meal,1.245
I.19.03.002.003,Composite food (including frozen products),Potato based dishes,"Potatoes, meat, and vegetables meal",1.0915
I.19.03.001.005,Composite food (including frozen products),Potato based dishes,Potatoes and vegetables meal,0.3047
A.10.03.010,Sugar and confectionary,Chocolate (Cocoa) products,Pralines,0.1641
A.19.11.009,Composite food (including frozen products),Prepared salads,Seafood salad,0.1458
A.19.11.004,Composite food (including frozen products),Prepared salads,Prepared pasta salad,0.4701
I.19.11.003.001,Composite food (including frozen products),Prepared salads,Prepared potato salad,0.0243
I.02.14.013,Vegetables and vegetable products (including fungi),Vegetable products,Processed tomato products,0.0504
A.05.06.011,Fruit and fruit products,Miscellaneous fruits,Prickly pears,0.0339
A.17.05,Food for infants and small children,Cereal-based food for infants and young children,Processed cereal-based food for infants and young children,0.297
A.08.08.004,Milk and dairy products,Cheese,"Processed cheese, spreadable",0.3649
A.01.06.001.002,Grains and grain-based products,Breakfast cereals,Processed mixed cereal-based flakes,3.6593
A.01.06.001.020,Grains and grain-based products,Breakfast cereals,Processed wheat-based flakes,0.1758
A.06.09.005.009,Meat and meat products (including edible offal),Sausages,Spreadable cooked sausages,2.1607
A.01.04.006.008,Grains and grain-based products,Bread and rolls,Puffed rice textured bread,0.529
A.08.08.001,Milk and dairy products,Cheese,Quark,0.0339
A.05.02.003,Fruit and fruit products,Pome fruits,Quiche,1.2067
A.02.01.008,Vegetables and vegetable products (including fungi),Root vegetables,Small radishes,0.0321
A.11.04.013,Animal and vegetable fats and oils,Vegetable oil,"Rape seed oil, edible",0.0092
A.05.04.006,Fruit and fruit products,Berries and small fruits,Raspberries and similar-,0.214
A.19.07.007,Composite food (including frozen products),Vegetable-based meals,Ratatouille,0.017
A.02.04.004,Vegetables and vegetable products (including fungi),Brassica vegetables,White cabbage,0.2607
A.06.03.004,Meat and meat products (including edible offal),Game mammals,Roe deer meat,0.0535
A.02.07.007,Vegetables and vegetable products (including fungi),Stem vegetables (Fresh),Rhubarbs,0.0852
A.19.02.001,Composite food (including frozen products),Rice-based meals,Spring rolls,0.2407
I.01.02.009.008,Grains and grain-based products,Grains for human consumption,Risotto,0.1913
A.08.09.005,Milk and dairy products,Milk and milk product imitates,Rice drink,0.0339
A.01.02.009.003,Grains and grain-based products,Grains for human consumption,Rice grain,22.2725
A.01.06.007.002,Grains and grain-based products,Breakfast cereals,Rice pudding,6.0785
A.01.06.004.004,Grains and grain-based products,Breakfast cereals,"Rice, popped",0.642
A.01.07.001.035,Grains and grain-based products,Fine bakery wares,Sponge cake dough (génoise),0.0416
A.01.04.005.005,Grains and grain-based products,Bread and rolls,"Rusk, refined flour",0.3562
A.01.04.005.006,Grains and grain-based products,Bread and rolls,"Rusk, wholemeal",0.0017
A.01.04.002.003,Grains and grain-based products,Bread and rolls,"Rye bread and rolls, wholemeal",3.6793
A.01.06.001.018,Grains and grain-based products,Breakfast cereals,Rye rolled grains,0.0076
A.16.06.001,"Herbs, spices and condiments",Dressing,Salad dressing,0.0243
A.16.06.003,"Herbs, spices and condiments",Dressing,"Salad dressing, low fat",0.1989
A.06.09.006.001,Meat and meat products (including edible offal),Sausages,Salami-type sausage,0.9508
A.16.05.013,"Herbs, spices and condiments",Condiment,Salsa,0.1477
A.16.04.006,"Herbs, spices and condiments",Seasoning or extracts,"Salt, flavoured",0.0031
A.16.04.003,"Herbs, spices and condiments",Seasoning or extracts,"Salt, iodised",0.2234
A.19.01.001.005,Composite food (including frozen products),Cereal-based dishes,Sandwich and sandwich-like dishes,0.9975
A.01.04.001.010,Grains and grain-based products,Bread and rolls,Sandwich bread (hamburger roll-type),7.4898
A.19.01.001.003,Composite food (including frozen products),Cereal-based dishes,Sandwich with fish topping/filling,0.0373
A.19.01.001.007,Composite food (including frozen products),Cereal-based dishes,Sandwich with meat and vegetable topping/filling,0.0127
A.19.01.001.002,Composite food (including frozen products),Cereal-based dishes,Sandwich with processed meat topping/filling,0.0136
A.02.14.006,Vegetables and vegetable products (including fungi),Vegetable products,Sauerkraut,0.0081
A.01.07.001.021,Grains and grain-based products,Fine bakery wares,Savoury pies and tarts,1.9988
I.10.05.005,Sugar and confectionary,Dessert sauces,Savoury sauces,2.6185
A.01.07.001.032,Grains and grain-based products,Fine bakery wares,Scones and similar,0.039
A.07.04.005,"Fish and other seafood (including amphibians, reptiles, snails and insects)",Crustaceans,White shrimp,0.3024
I.17.05.005,Food for infants and small children,Cereal-based food for infants and young children,"Simple cereals for infants or children, reconstituted",0.4557
A.07.06.004,"Fish and other seafood (including amphibians, reptiles, snails and insects)","Amphibians, reptiles, snails, insects","Water snails, conches and whelks",0.0107
A.13.01.002.010,Non-alcoholic beverages (excepting milk based beverages),Soft drinks,Soft drinks with minor amounts of fruits or flavours,77.0764
A.13.01.002.011,Non-alcoholic beverages (excepting milk based beverages),Soft drinks,"Soft drink, with fruit juice (fruit content below the minimum for nectars)",101.6608
I.08.08.190,Milk and dairy products,Cheese,Soft-ripened cheese with white and blue mould (cambozola type),0.0034
I.08.08.189,Milk and dairy products,Cheese,Soft-ripened cheese with natural rind and other soft-ripened cheeses,0.0509
A.20.02.005,"Snacks, desserts, and other foods",Ices and desserts,Water-based ice creams,3.1125
A.02.05.021,Vegetables and vegetable products (including fungi),Leaf vegetables,Sorrel,0.0039
A.08.05.003.002,Milk and dairy products,Cream and cream products,"Sour cream, plain",0.3615
A.16.05.011,"Herbs, spices and condiments",Condiment,Teriyaki sauce,0.0282
A.11.04.016,Animal and vegetable fats and oils,Vegetable oil,"Soya bean oil, refined",0.002
A.08.09.008,Milk and dairy products,Milk and milk product imitates,Soya drink,0.4022
A.06.12.001,Meat and meat products (including edible offal),Meat imitates,Soyabean-based meat imitates,0.0755
A.04.02.012,"Legumes, nuts and oilseeds","Legumes, beans, dried",Soyabeans for oil,0.0008
A.02.05.010,Vegetables and vegetable products (including fungi),Leaf vegetables,Taros,0.1183
A.01.07.001.034,Grains and grain-based products,Fine bakery wares,Sponge cake,1.7315
A.07.05.001,"Fish and other seafood (including amphibians, reptiles, snails and insects)",Water molluscs,"Squids, cuttlefishes, octopuses",0.017
I.20.02.003.002,"Snacks, desserts, and other foods",Ices and desserts,Starchy pudding,2.1504
A.01.07.002.014,Grains and grain-based products,Fine bakery wares,"Sticks, salty",0.0331
A.10.06.005,Sugar and confectionary,Molasses and other syrups,Syrups (molasses and other syrups),0.0662
A.02.14.007,Vegetables and vegetable products (including fungi),Vegetable products,Sun-dried tomatoes,0.0025
A.11.04.017,Animal and vegetable fats and oils,Vegetable oil,"Sunflower seed oil, edible",0.0036
A.02.01.010,Vegetables and vegetable products (including fungi),Root vegetables,Swedes,0.0258
A.01.06.003.002,Grains and grain-based products,Breakfast cereals,Sweet bars and other formed sweet masses,0.6007
A.02.03.012,Vegetables and vegetable products (including fungi),Fruiting vegetables,Sweet corn canned,2.1548
A.02.03.002,Vegetables and vegetable products (including fungi),Fruiting vegetables,Sweet peppers,1.1605
A.05.04.001,Fruit and fruit products,Berries and small fruits,Table grapes and similar-,0.9087
A.15.01,Drinking water (water without any additives except carbon dioxide; includes water ice for consumption),Tap water,Tap water,148.3586
A.16.05.014,"Herbs, spices and condiments",Condiment,Tartar sauce,0.164
A.02.10.001,Vegetables and vegetable products (including fungi),Tea and herbs for infusions (Solid),"Teas leaves, dry and/or fermented, and similar",7.2431
A.10.04.006,Sugar and confectionary,Confectionery (non-chocolate),Toffee,0.4212
A.16.05.006,"Herbs, spices and condiments",Condiment,Tomato ketchup and related sauces,6.2621
I.02.14.014,Vegetables and vegetable products (including fungi),Vegetable products,Tomato paste,0.0501
I.16.08.010.009,"Herbs, spices and condiments",Savoury sauces,Tomato-containing cooked sauces,3.088
A.02.03.001,Vegetables and vegetable products (including fungi),Fruiting vegetables,Tomatoes and similar-,7.218
A.01.04.005.009,Grains and grain-based products,Bread and rolls,Tortilla,1.234
A.08.06.014,Milk and dairy products,Fermented milk products,Traditional nordic fermented milks,25.0795
I.07.01.006.002,"Fish and other seafood (including amphibians, reptiles, snails and insects)",Fish meat,Trouts,0.0255
A.06.02.002,Meat and meat products (including edible offal),Poultry,"Turkey meat, dried",0.1163
I.16.08.003.009,"Herbs, spices and condiments",Savoury sauces,Tzatziki,0.1246
I.01.07.001.050,Grains and grain-based products,Fine bakery wares,Vol au vent,1.5911
A.19.07.001,Composite food (including frozen products),Vegetable-based meals,Vegetables and vegetable products,2.6685
I.19.07.005.002,Composite food (including frozen products),Vegetable-based meals,Veggie pot pie,0.5093
A.16.05.004,"Herbs, spices and condiments",Condiment,"Vinegar, wine",0.002
A.16.05.005,"Herbs, spices and condiments",Condiment,"Vinegar, apple",0.0064
A.18.02.001,Products for special nutritional use,Dietary supplements,Vitamins,0.1387
I.01.07.002.016,Grains and grain-based products,Fine bakery wares,Wafers,0.9095
A.01.07.001.037,Grains and grain-based products,Fine bakery wares,Waffles,1.0161
A.04.03.012,"Legumes, nuts and oilseeds",Tree nuts,Walnuts,0.0112
A.02.03.011,Vegetables and vegetable products (including fungi),Fruiting vegetables,Watermelons and similar-,0.9262
A.01.03.001.008,Grains and grain-based products,Grain milling products,Wheat bran,0.0025
A.01.04.001.004,Grains and grain-based products,Bread and rolls,"Wheat bread and rolls, brown or wholemeal",0.1629
A.01.04.001.007,Grains and grain-based products,Bread and rolls,"Wheat bread and rolls, semi-brown",0.5692
A.01.03.001.003,Grains and grain-based products,Grain milling products,Wheat flour white,0.5123
A.01.03.001.012,Grains and grain-based products,Grain milling products,Wheat semolina,0.0054
A.01.06.007.004,Grains and grain-based products,Breakfast cereals,Wheat semolina porridge,1.017
A.10.01.001,Sugar and confectionary,Sugars,White sugar,1.3066
A.07.01.009,"Fish and other seafood (including amphibians, reptiles, snails and insects)",Fish meat,Whitefishes or coregonus,0.021
A.14.02.001,Alcoholic beverages,Wine,Wine-like drinks,0.0051
A.16.04.015,"Herbs, spices and condiments",Seasoning or extracts,Yeast extract,0.0002
A.08.06.002.002,Milk and dairy products,Fermented milk products,"Yoghurt drinks, including sweetened and/or flavoured variants",2.6034
A.08.06.001.002,Milk and dairy products,Fermented milk products,"Yoghurt, cow milk",40.9753