RPC Code,RPC Name,Producer Country Name,Producer Country Code,Share,Waste,SUA Code
A.04.03.001,Almonds sweet,Australia,AU,0.031,0.06,01371
A.04.03.001,Almonds sweet,Italy,IT,0.69,0.06,01371
A.04.03.001,Almonds sweet,Spain,ES,0.052,0.06,01371
A.04.03.001,Almonds sweet,USA,US,0.228,0.06,01371
A.04.03.002,Bitter almonds,Australia,AU,0.031,0.06,01371
A.04.03.002,Bitter almonds,Italy,IT,0.69,0.06,01371
A.04.03.002,Bitter almonds,Spain,ES,0.052,0.06,01371
A.04.03.002,Bitter almonds,USA,US,0.228,0.06,01371
A.04.03.008,Macadamias,Australia,AU,0.031,0.06,01371
A.04.03.008,Macadamias,Italy,IT,0.69,0.06,01371
A.04.03.008,Macadamias,Spain,ES,0.052,0.06,01371
A.04.03.008,Macadamias,USA,US,0.228,0.06,01371
A.04.03.009,Pecans,Australia,AU,0.031,0.06,01371
A.04.03.009,Pecans,Italy,IT,0.69,0.06,01371
A.04.03.009,Pecans,Spain,ES,0.052,0.06,01371
A.04.03.009,Pecans,USA,US,0.228,0.06,01371
A.04.03.010,Pine nut kernels,Australia,AU,0.031,0.06,01371
A.04.03.010,Pine nut kernels,Italy,IT,0.69,0.06,01371
A.04.03.010,Pine nut kernels,Spain,ES,0.052,0.06,01371
A.04.03.010,Pine nut kernels,USA,US,0.228,0.06,01371
A.16.01.001,Chervil,Rest of World,RoW,1,0.07,01654
A.16.02.006,Anise seed,Rest of World,RoW,1,0.07,01654
A.16.02.008,Black caraway seed,Rest of World,RoW,1,0.07,01654
A.16.02.010,Caraway fruit,Rest of World,RoW,1,0.07,01654
A.16.02.016,Coriander seed,Rest of World,RoW,1,0.07,01654
A.16.02.017,Cumin seed,Rest of World,RoW,1,0.07,01654
A.16.02.018,Dill seed (Anethum graveolens),Rest of World,RoW,1,0.07,01654
A.16.02.019,Fennel seed,Rest of World,RoW,1,0.07,01654
A.05.02.001,Apples,Italy,IT,1,0.07,01341
A.05.02.007,Sorb fruits,Italy,IT,1,0.07,01341
A.05.03.001,Apricots,France,FR,0.042,0.07,01343
A.05.03.001,Apricots,Italy,IT,0.839,0.07,01343
A.05.03.001,Apricots,Spain,ES,0.053,0.07,01343
A.05.03.001,Apricots,Turkey,TR,0.067,0.07,01343
A.02.07.005,Globe artichokes,Egypt,EG,0.013,0.07,01216
A.02.07.005,Globe artichokes,Italy,IT,0.987,0.07,01216
A.02.07.001,Asparagus,Greece,GR,0.015,0.07,01211
A.02.07.001,Asparagus,Italy,IT,0.937,0.07,01211
A.02.07.001,Asparagus,Peru,PE,0.023,0.07,01211
A.02.07.001,Asparagus,Spain,ES,0.025,0.07,01211
A.05.06.014,Avocados,Brazil,BR,0.012,0.07,01311
A.05.06.014,Avocados,Chile,CL,0.136,0.07,01311
A.05.06.014,Avocados,Israel,IL,0.287,0.07,01311
A.05.06.014,Avocados,Kenya,KE,0.036,0.07,01311
A.05.06.014,Avocados,Mexico,MX,0.024,0.07,01311
A.05.06.014,Avocados,Peru,PE,0.248,0.07,01311
A.05.06.014,Avocados,South Africa,ZA,0.112,0.07,01311
A.05.06.014,Avocados,Spain,ES,0.145,0.07,01311
A.05.06.015,Bananas (Musa × paradisica),Cameroon,CM,0.033,0.07,01312
A.05.06.015,Bananas (Musa × paradisica),Colombia,CO,0.267,0.07,01312
A.05.06.015,Bananas (Musa × paradisica),Costa Rica,CR,0.268,0.07,01312
A.05.06.015,Bananas (Musa × paradisica),Ecuador,EC,0.359,0.07,01312
A.05.06.015,Bananas (Musa × paradisica),Guatemala,GT,0.011,0.07,01312
A.05.06.015,Bananas (Musa × paradisica),Cote d'Ivoire,CI,0.017,0.07,01312
A.05.06.015,Bananas (Musa × paradisica),Mexico,MX,0.02,0.07,01312
A.05.06.015,Bananas (Musa × paradisica),Panama,PA,0.024,0.07,01312
A.01.02.002.001,Barley grains,Austria,AT,0.046,0.045,0115
A.01.02.002.001,Barley grains,France,FR,0.26,0.045,0115
A.01.02.002.001,Barley grains,Germany,DE,0.107,0.045,0115
A.01.02.002.001,Barley grains,Hungary,HU,0.048,0.045,0115
A.01.02.002.001,Barley grains,Italy,IT,0.511,0.045,0115
A.01.02.002.001,Barley grains,Czechia,CZ,0.014,0.045,0115
A.01.02.002.001,Barley grains,Slovakia,SK,0.014,0.045,0115
A.02.06.001,Beans (with pods) and similar-,Argentina,AR,0.063,0.06,01701
A.02.06.001,Beans (with pods) and similar-,Brazil,BR,0.015,0.06,01701
A.02.06.001,Beans (with pods) and similar-,Canada,CA,0.173,0.06,01701
A.02.06.001,Beans (with pods) and similar-,China,CN,0.367,0.06,01701
A.02.06.001,Beans (with pods) and similar-,Egypt,EG,0.049,0.06,01701
A.02.06.001,Beans (with pods) and similar-,Italy,IT,0.091,0.06,01701
A.02.06.001,Beans (with pods) and similar-,Poland,PL,0.014,0.06,01701
A.02.06.001,Beans (with pods) and similar-,USA,US,0.165,0.06,01701
A.02.06.001,Beans (with pods) and similar-,Ethiopia,ET,0.062,0.06,01701
A.04.01.001,Beans (fresh seeds without pods) and similar-,Argentina,AR,0.063,0.06,01701
A.04.01.001,Beans (fresh seeds without pods) and similar-,Brazil,BR,0.015,0.06,01701
A.04.01.001,Beans (fresh seeds without pods) and similar-,Canada,CA,0.173,0.06,01701
A.04.01.001,Beans (fresh seeds without pods) and similar-,China,CN,0.367,0.06,01701
A.04.01.001,Beans (fresh seeds without pods) and similar-,Egypt,EG,0.049,0.06,01701
A.04.01.001,Beans (fresh seeds without pods) and similar-,Italy,IT,0.091,0.06,01701
A.04.01.001,Beans (fresh seeds without pods) and similar-,Poland,PL,0.014,0.06,01701
A.04.01.001,Beans (fresh seeds without pods) and similar-,USA,US,0.165,0.06,01701
A.04.01.001,Beans (fresh seeds without pods) and similar-,Ethiopia,ET,0.062,0.06,01701
A.04.02.001,Beans (dry) and similar-,Argentina,AR,0.063,0.06,01701
A.04.02.001,Beans (dry) and similar-,Brazil,BR,0.015,0.06,01701
A.04.02.001,Beans (dry) and similar-,Canada,CA,0.173,0.06,01701
A.04.02.001,Beans (dry) and similar-,China,CN,0.367,0.06,01701
A.04.02.001,Beans (dry) and similar-,Egypt,EG,0.049,0.06,01701
A.04.02.001,Beans (dry) and similar-,Italy,IT,0.091,0.06,01701
A.04.02.001,Beans (dry) and similar-,Poland,PL,0.014,0.06,01701
A.04.02.001,Beans (dry) and similar-,USA,US,0.165,0.06,01701
A.04.02.001,Beans (dry) and similar-,Ethiopia,ET,0.062,0.06,01701
A.04.02.008,Lima beans (dry),Argentina,AR,0.063,0.06,01701
A.04.02.008,Lima beans (dry),Brazil,BR,0.015,0.06,01701
A.04.02.008,Lima beans (dry),Canada,CA,0.173,0.06,01701
A.04.02.008,Lima beans (dry),China,CN,0.367,0.06,01701
A.04.02.008,Lima beans (dry),Egypt,EG,0.049,0.06,01701
A.04.02.008,Lima beans (dry),Italy,IT,0.091,0.06,01701
A.04.02.008,Lima beans (dry),Poland,PL,0.014,0.06,01701
A.04.02.008,Lima beans (dry),USA,US,0.165,0.06,01701
A.04.02.008,Lima beans (dry),Ethiopia,ET,0.062,0.06,01701
A.04.02.009,Mung bean sprouts,Argentina,AR,0.063,0.06,01701
A.04.02.009,Mung bean sprouts,Brazil,BR,0.015,0.06,01701
A.04.02.009,Mung bean sprouts,Canada,CA,0.173,0.06,01701
A.04.02.009,Mung bean sprouts,China,CN,0.367,0.06,01701
A.04.02.009,Mung bean sprouts,Egypt,EG,0.049,0.06,01701
A.04.02.009,Mung bean sprouts,Italy,IT,0.091,0.06,01701
A.04.02.009,Mung bean sprouts,Poland,PL,0.014,0.06,01701
A.04.02.009,Mung bean sprouts,USA,US,0.165,0.06,01701
A.04.02.009,Mung bean sprouts,Ethiopia,ET,0.062,0.06,01701
A.05.04.008,Blueberries,Canada,CA,0.045,0.07,01355.01
A.05.04.008,Blueberries,France,FR,0.053,0.07,01355.01
A.05.04.008,Blueberries,Germany,DE,0.058,0.07,01355.01
A.05.04.008,Blueberries,Italy,IT,0.428,0.07,01355.01
A.05.04.008,Blueberries,Morocco,MA,0.056,0.07,01355.01
A.05.04.008,Blueberries,Netherlands,NL,0.04,0.07,01355.01
A.05.04.008,Blueberries,Poland,PL,0.044,0.07,01355.01
A.05.04.008,Blueberries,Romania,RO,0.02,0.07,01355.01
A.05.04.008,Blueberries,Spain,ES,0.255,0.07,01355.01
A.05.04.009,Cranberries (Vaccinium macrocarpon),Canada,CA,0.045,0.07,01355.01
A.05.04.009,Cranberries (Vaccinium macrocarpon),France,FR,0.053,0.07,01355.01
A.05.04.009,Cranberries (Vaccinium macrocarpon),Germany,DE,0.058,0.07,01355.01
A.05.04.009,Cranberries (Vaccinium macrocarpon),Italy,IT,0.428,0.07,01355.01
A.05.04.009,Cranberries (Vaccinium macrocarpon),Morocco,MA,0.056,0.07,01355.01
A.05.04.009,Cranberries (Vaccinium macrocarpon),Netherlands,NL,0.04,0.07,01355.01
A.05.04.009,Cranberries (Vaccinium macrocarpon),Poland,PL,0.044,0.07,01355.01
A.05.04.009,Cranberries (Vaccinium macrocarpon),Romania,RO,0.02,0.07,01355.01
A.05.04.009,Cranberries (Vaccinium macrocarpon),Spain,ES,0.255,0.07,01355.01
A.05.04.014,Azarole (mediteranean medlar) (Crataegus azarolus),Canada,CA,0.045,0.07,01355.01
A.05.04.014,Azarole (mediteranean medlar) (Crataegus azarolus),France,FR,0.053,0.07,01355.01
A.05.04.014,Azarole (mediteranean medlar) (Crataegus azarolus),Germany,DE,0.058,0.07,01355.01
A.05.04.014,Azarole (mediteranean medlar) (Crataegus azarolus),Italy,IT,0.428,0.07,01355.01
A.05.04.014,Azarole (mediteranean medlar) (Crataegus azarolus),Morocco,MA,0.056,0.07,01355.01
A.05.04.014,Azarole (mediteranean medlar) (Crataegus azarolus),Netherlands,NL,0.04,0.07,01355.01
A.05.04.014,Azarole (mediteranean medlar) (Crataegus azarolus),Poland,PL,0.044,0.07,01355.01
A.05.04.014,Azarole (mediteranean medlar) (Crataegus azarolus),Romania,RO,0.02,0.07,01355.01
A.05.04.014,Azarole (mediteranean medlar) (Crataegus azarolus),Spain,ES,0.255,0.07,01355.01
A.05.04.017,Loganberry (Rubus loganobaccus),Canada,CA,0.045,0.07,01355.01
A.05.04.017,Loganberry (Rubus loganobaccus),France,FR,0.053,0.07,01355.01
A.05.04.017,Loganberry (Rubus loganobaccus),Germany,DE,0.058,0.07,01355.01
A.05.04.017,Loganberry (Rubus loganobaccus),Italy,IT,0.428,0.07,01355.01
A.05.04.017,Loganberry (Rubus loganobaccus),Morocco,MA,0.056,0.07,01355.01
A.05.04.017,Loganberry (Rubus loganobaccus),Netherlands,NL,0.04,0.07,01355.01
A.05.04.017,Loganberry (Rubus loganobaccus),Poland,PL,0.044,0.07,01355.01
A.05.04.017,Loganberry (Rubus loganobaccus),Romania,RO,0.02,0.07,01355.01
A.05.04.017,Loganberry (Rubus loganobaccus),Spain,ES,0.255,0.07,01355.01
A.05.04.022,Bilberries,Canada,CA,0.045,0.07,01355.01
A.05.04.022,Bilberries,France,FR,0.053,0.07,01355.01
A.05.04.022,Bilberries,Germany,DE,0.058,0.07,01355.01
A.05.04.022,Bilberries,Italy,IT,0.428,0.07,01355.01
A.05.04.022,Bilberries,Morocco,MA,0.056,0.07,01355.01
A.05.04.022,Bilberries,Netherlands,NL,0.04,0.07,01355.01
A.05.04.022,Bilberries,Poland,PL,0.044,0.07,01355.01
A.05.04.022,Bilberries,Romania,RO,0.02,0.07,01355.01
A.05.04.022,Bilberries,Spain,ES,0.255,0.07,01355.01
A.05.04.026,Lingonberry (Vaccinium vitis-idaea),Canada,CA,0.045,0.07,01355.01
A.05.04.026,Lingonberry (Vaccinium vitis-idaea),France,FR,0.053,0.07,01355.01
A.05.04.026,Lingonberry (Vaccinium vitis-idaea),Germany,DE,0.058,0.07,01355.01
A.05.04.026,Lingonberry (Vaccinium vitis-idaea),Italy,IT,0.428,0.07,01355.01
A.05.04.026,Lingonberry (Vaccinium vitis-idaea),Morocco,MA,0.056,0.07,01355.01
A.05.04.026,Lingonberry (Vaccinium vitis-idaea),Netherlands,NL,0.04,0.07,01355.01
A.05.04.026,Lingonberry (Vaccinium vitis-idaea),Poland,PL,0.044,0.07,01355.01
A.05.04.026,Lingonberry (Vaccinium vitis-idaea),Romania,RO,0.02,0.07,01355.01
A.05.04.026,Lingonberry (Vaccinium vitis-idaea),Spain,ES,0.255,0.07,01355.01
A.04.03.003,Brazil nuts,Australia,AU,0.031,0.06,01377
A.04.03.003,Brazil nuts,Italy,IT,0.69,0.06,01377
A.04.03.003,Brazil nuts,Spain,ES,0.052,0.06,01377
A.04.03.003,Brazil nuts,USA,US,0.228,0.06,01377
A.04.02.007,Broad bean (Vicia faba),Australia,AU,0.012,0.06,01702
A.04.02.007,Broad bean (Vicia faba),France,FR,0.056,0.06,01702
A.04.02.007,Broad bean (Vicia faba),Germany,DE,0.03,0.06,01702
A.04.02.007,Broad bean (Vicia faba),Italy,IT,0.816,0.06,01702
A.04.02.007,Broad bean (Vicia faba),United Kingdom,GB,0.086,0.06,01702
A.01.02.006,Buckwheat,China,CN,0.02,0.06,01192
A.01.02.006,Buckwheat,France,FR,0.088,0.06,01192
A.01.02.006,Buckwheat,Hungary,HU,0.047,0.06,01192
A.01.02.006,Buckwheat,Latvia,LV,0.027,0.06,01192
A.01.02.006,Buckwheat,Lithuania,LT,0.086,0.06,01192
A.01.02.006,Buckwheat,Czechia,CZ,0.024,0.06,01192
A.01.02.006,Buckwheat,Poland,PL,0.662,0.06,01192
A.01.02.006,Buckwheat,Russia,RU,0.027,0.06,01192
A.01.02.006,Buckwheat,Ukraine,UA,0.018,0.06,01192
A.02.01.008,Radishes,Germany,DE,0.021,0.07,01212
A.02.01.008,Radishes,Italy,IT,0.958,0.07,01212
A.02.01.008,Radishes,Netherlands,NL,0.02,0.07,01212
A.02.01.010,Swedes,Germany,DE,0.021,0.07,01212
A.02.01.010,Swedes,Italy,IT,0.958,0.07,01212
A.02.01.010,Swedes,Netherlands,NL,0.02,0.07,01212
A.02.04.003,Brussels sprouts,Germany,DE,0.021,0.07,01212
A.02.04.003,Brussels sprouts,Italy,IT,0.958,0.07,01212
A.02.04.003,Brussels sprouts,Netherlands,NL,0.02,0.07,01212
A.02.04.004,Head cabbages,Germany,DE,0.021,0.07,01212
A.02.04.004,Head cabbages,Italy,IT,0.958,0.07,01212
A.02.04.004,Head cabbages,Netherlands,NL,0.02,0.07,01212
A.02.04.005,Chinese cabbages,Germany,DE,0.021,0.07,01212
A.02.04.005,Chinese cabbages,Italy,IT,0.958,0.07,01212
A.02.04.005,Chinese cabbages,Netherlands,NL,0.02,0.07,01212
A.02.04.006,Kales and similar-,Germany,DE,0.021,0.07,01212
A.02.04.006,Kales and similar-,Italy,IT,0.958,0.07,01212
A.02.04.006,Kales and similar-,Netherlands,NL,0.02,0.07,01212
A.02.04.007,Kohlrabies,Germany,DE,0.021,0.07,01212
A.02.04.007,Kohlrabies,Italy,IT,0.958,0.07,01212
A.02.04.007,Kohlrabies,Netherlands,NL,0.02,0.07,01212
A.02.05.005,Cresses,Germany,DE,0.021,0.07,01212
A.02.05.005,Cresses,Italy,IT,0.958,0.07,01212
A.02.05.005,Cresses,Netherlands,NL,0.02,0.07,01212
A.02.05.006,Land cresses,Germany,DE,0.021,0.07,01212
A.02.05.006,Land cresses,Italy,IT,0.958,0.07,01212
A.02.05.006,Land cresses,Netherlands,NL,0.02,0.07,01212
A.02.05.007,Roman rocket,Germany,DE,0.021,0.07,01212
A.02.05.007,Roman rocket,Italy,IT,0.958,0.07,01212
A.02.05.007,Roman rocket,Netherlands,NL,0.02,0.07,01212
A.02.05.015,Watercresses,Germany,DE,0.021,0.07,01212
A.02.05.015,Watercresses,Italy,IT,0.958,0.07,01212
A.02.05.015,Watercresses,Netherlands,NL,0.02,0.07,01212
A.02.03.009,Melons,Brazil,BR,0.015,0.07,01229
A.02.03.009,Melons,Italy,IT,0.969,0.07,01229
A.02.03.009,Melons,Spain,ES,0.016,0.07,01229
A.02.01.003,Carrots,Italy,IT,1,0.07,01251
A.02.01.012,Turnips,Italy,IT,1,0.07,01251
A.02.07.003,Celeries,Italy,IT,1,0.07,01251
A.02.07.004,Florence fennels,Italy,IT,1,0.07,01251
A.04.03.004,Cashew nuts,Brazil,BR,0.167,0.06,01372
A.04.03.004,Cashew nuts,Benin,BJ,0.095,0.06,01372
A.04.03.004,Cashew nuts,Ghana,GH,0.113,0.06,01372
A.04.03.004,Cashew nuts,India,IN,0.178,0.06,01372
A.04.03.004,Cashew nuts,Indonesia,ID,0.028,0.06,01372
A.04.03.004,Cashew nuts,Cote d'Ivoire,CI,0.305,0.06,01372
A.04.03.004,Cashew nuts,Nigeria,NG,0.038,0.06,01372
A.04.03.004,Cashew nuts,United Republic of Tanzania,TZ,0.055,0.06,01372
A.04.03.004,Cashew nuts,Burkina Faso,BF,0.022,0.06,01372
A.02.04.001,Broccoli,Brazil,BR,0.015,0.07,01213
A.02.04.001,Broccoli,Italy,IT,0.969,0.07,01213
A.02.04.001,Broccoli,Spain,ES,0.016,0.07,01213
A.02.04.002,Cauliflowers,Brazil,BR,0.015,0.07,01213
A.02.04.002,Cauliflowers,Italy,IT,0.969,0.07,01213
A.02.04.002,Cauliflowers,Spain,ES,0.016,0.07,01213
A.05.03.006,Cherries (sweet),Italy,IT,0.955,0.07,01344.02
A.05.03.006,Cherries (sweet),Spain,ES,0.025,0.07,01344.02
A.05.03.006,Cherries (sweet),Turkey,TR,0.02,0.07,01344.02
A.04.03.005,Chestnuts,Albania,AL,0.046,0.06,01373
A.04.03.005,Chestnuts,Bosnia and Herzegovina,BA,0.012,0.06,01373
A.04.03.005,Chestnuts,Greece,GR,0.017,0.06,01373
A.04.03.005,Chestnuts,Italy,IT,0.645,0.06,01373
A.04.03.005,Chestnuts,North Macedonia,MK,0.012,0.06,01373
A.04.03.005,Chestnuts,Portugal,PT,0.11,0.06,01373
A.04.03.005,Chestnuts,Spain,ES,0.126,0.06,01373
A.04.03.005,Chestnuts,Turkey,TR,0.032,0.06,01373
A.04.02.005,Chickpeas (dry),Argentina,AR,0.255,0.06,01703
A.04.02.005,Chickpeas (dry),Australia,AU,0.029,0.06,01703
A.04.02.005,Chickpeas (dry),Canada,CA,0.096,0.06,01703
A.04.02.005,Chickpeas (dry),India,IN,0.034,0.06,01703
A.04.02.005,Chickpeas (dry),Italy,IT,0.325,0.06,01703
A.04.02.005,Chickpeas (dry),Mexico,MX,0.153,0.06,01703
A.04.02.005,Chickpeas (dry),Turkey,TR,0.028,0.06,01703
A.04.02.005,Chickpeas (dry),USA,US,0.08,0.06,01703
A.02.03.002,Sweet peppers,Italy,IT,0.824,0.07,01231
A.02.03.002,Sweet peppers,Netherlands,NL,0.013,0.07,01231
A.02.03.002,Sweet peppers,Spain,ES,0.163,0.07,01231
A.02.03.003,Chilli pepper (Capsicum frutescens),Italy,IT,0.824,0.07,01231
A.02.03.003,Chilli pepper (Capsicum frutescens),Netherlands,NL,0.013,0.07,01231
A.02.03.003,Chilli pepper (Capsicum frutescens),Spain,ES,0.163,0.07,01231
A.02.11.001,Cocoa beans (fermented beans) (Theobroma cacao),Cameroon,CM,0.063,0.07,01640
A.02.11.001,Cocoa beans (fermented beans) (Theobroma cacao),Ecuador,EC,0.043,0.07,01640
A.02.11.001,Cocoa beans (fermented beans) (Theobroma cacao),Ghana,GH,0.229,0.07,01640
A.02.11.001,Cocoa beans (fermented beans) (Theobroma cacao),Indonesia,ID,0.021,0.07,01640
A.02.11.001,Cocoa beans (fermented beans) (Theobroma cacao),Cote d'Ivoire,CI,0.51,0.07,01640
A.02.11.001,Cocoa beans (fermented beans) (Theobroma cacao),Nigeria,NG,0.076,0.07,01640
A.02.11.001,Cocoa beans (fermented beans) (Theobroma cacao),Peru,PE,0.028,0.07,01640
A.02.11.001,Cocoa beans (fermented beans) (Theobroma cacao),Togo,TG,0.014,0.07,01640
A.02.11.001,Cocoa beans (fermented beans) (Theobroma cacao),Uganda,UG,0.015,0.07,01640
A.04.03.006,Coconuts,Sri Lanka,LK,0.011,0.06,01460
A.04.03.006,Coconuts,India,IN,0.063,0.06,01460
A.04.03.006,Coconuts,Indonesia,ID,0.081,0.06,01460
A.04.03.006,Coconuts,Cote d'Ivoire,CI,0.022,0.06,01460
A.04.03.006,Coconuts,Philippines,PH,0.823,0.06,01460
A.02.12.001,"Coffee beans, green",Brazil,BR,0.433,0.07,01610
A.02.12.001,"Coffee beans, green",Cameroon,CM,0.02,0.07,01610
A.02.12.001,"Coffee beans, green",Colombia,CO,0.025,0.07,01610
A.02.12.001,"Coffee beans, green",Guatemala,GT,0.027,0.07,01610
A.02.12.001,"Coffee beans, green",Honduras,HN,0.042,0.07,01610
A.02.12.001,"Coffee beans, green",India,IN,0.145,0.07,01610
A.02.12.001,"Coffee beans, green",Indonesia,ID,0.113,0.07,01610
A.02.12.001,"Coffee beans, green",Cote d'Ivoire,CI,0.015,0.07,01610
A.02.12.001,"Coffee beans, green",Mexico,MX,0.013,0.07,01610
A.02.12.001,"Coffee beans, green",Peru,PE,0.025,0.07,01610
A.02.12.001,"Coffee beans, green",United Republic of Tanzania,TZ,0.039,0.07,01610
A.02.12.001,"Coffee beans, green",Uganda,UG,0.077,0.07,01610
A.02.12.001,"Coffee beans, green",Ethiopia,ET,0.026,0.07,01610
A.02.03.006,Cucumbers,Austria,AT,0.013,0.07,01232
A.02.03.006,Cucumbers,Italy,IT,0.838,0.07,01232
A.02.03.006,Cucumbers,Netherlands,NL,0.017,0.07,01232
A.02.03.006,Cucumbers,Spain,ES,0.132,0.07,01232
A.02.03.007,Gherkins,Austria,AT,0.013,0.07,01232
A.02.03.007,Gherkins,Italy,IT,0.838,0.07,01232
A.02.03.007,Gherkins,Netherlands,NL,0.017,0.07,01232
A.02.03.007,Gherkins,Spain,ES,0.132,0.07,01232
A.05.04.010,"Currants (black, red and white)",Austria,AT,0.122,0.07,01351.01
A.05.04.010,"Currants (black, red and white)",Denmark,DK,0.061,0.07,01351.01
A.05.04.010,"Currants (black, red and white)",France,FR,0.133,0.07,01351.01
A.05.04.010,"Currants (black, red and white)",Germany,DE,0.182,0.07,01351.01
A.05.04.010,"Currants (black, red and white)",Italy,IT,0.229,0.07,01351.01
A.05.04.010,"Currants (black, red and white)",Netherlands,NL,0.095,0.07,01351.01
A.05.04.010,"Currants (black, red and white)",Czechia,CZ,0.028,0.07,01351.01
A.05.04.010,"Currants (black, red and white)",Poland,PL,0.123,0.07,01351.01
A.05.04.010,"Currants (black, red and white)",Spain,ES,0.027,0.07,01351.01
A.05.04.015,Elderberries,Austria,AT,0.122,0.07,01351.01
A.05.04.015,Elderberries,Denmark,DK,0.061,0.07,01351.01
A.05.04.015,Elderberries,France,FR,0.133,0.07,01351.01
A.05.04.015,Elderberries,Germany,DE,0.182,0.07,01351.01
A.05.04.015,Elderberries,Italy,IT,0.229,0.07,01351.01
A.05.04.015,Elderberries,Netherlands,NL,0.095,0.07,01351.01
A.05.04.015,Elderberries,Czechia,CZ,0.028,0.07,01351.01
A.05.04.015,Elderberries,Poland,PL,0.123,0.07,01351.01
A.05.04.015,Elderberries,Spain,ES,0.027,0.07,01351.01
A.05.04.030,Sea buckthorns,Austria,AT,0.122,0.07,01351.01
A.05.04.030,Sea buckthorns,Denmark,DK,0.061,0.07,01351.01
A.05.04.030,Sea buckthorns,France,FR,0.133,0.07,01351.01
A.05.04.030,Sea buckthorns,Germany,DE,0.182,0.07,01351.01
A.05.04.030,Sea buckthorns,Italy,IT,0.229,0.07,01351.01
A.05.04.030,Sea buckthorns,Netherlands,NL,0.095,0.07,01351.01
A.05.04.030,Sea buckthorns,Czechia,CZ,0.028,0.07,01351.01
A.05.04.030,Sea buckthorns,Poland,PL,0.123,0.07,01351.01
A.05.04.030,Sea buckthorns,Spain,ES,0.027,0.07,01351.01
A.05.06.001,Dates,Algeria,DZ,0.018,0.07,01314
A.05.06.001,Dates,Israel,IL,0.092,0.07,01314
A.05.06.001,Dates,Tunisia,TN,0.891,0.07,01314
A.02.01.001,Arrowroots,China,CN,0.135,0.24,01599.10
A.02.01.001,Arrowroots,Costa Rica,CR,0.056,0.24,01599.10
A.02.01.001,Arrowroots,France,FR,0.279,0.24,01599.10
A.02.01.001,Arrowroots,Ghana,GH,0.023,0.24,01599.10
A.02.01.001,Arrowroots,Cote d'Ivoire,CI,0.159,0.24,01599.10
A.02.01.001,Arrowroots,Nicaragua,NI,0.11,0.24,01599.10
A.02.01.001,Arrowroots,Spain,ES,0.094,0.24,01599.10
A.02.01.001,Arrowroots,Thailand,TH,0.033,0.24,01599.10
A.02.01.001,Arrowroots,Togo,TG,0.111,0.24,01599.10
A.02.01.002,Beetroots,China,CN,0.135,0.24,01599.10
A.02.01.002,Beetroots,Costa Rica,CR,0.056,0.24,01599.10
A.02.01.002,Beetroots,France,FR,0.279,0.24,01599.10
A.02.01.002,Beetroots,Ghana,GH,0.023,0.24,01599.10
A.02.01.002,Beetroots,Cote d'Ivoire,CI,0.159,0.24,01599.10
A.02.01.002,Beetroots,Nicaragua,NI,0.11,0.24,01599.10
A.02.01.002,Beetroots,Spain,ES,0.094,0.24,01599.10
A.02.01.002,Beetroots,Thailand,TH,0.033,0.24,01599.10
A.02.01.002,Beetroots,Togo,TG,0.111,0.24,01599.10
A.02.01.004,Celeriacs,China,CN,0.135,0.24,01599.10
A.02.01.004,Celeriacs,Costa Rica,CR,0.056,0.24,01599.10
A.02.01.004,Celeriacs,France,FR,0.279,0.24,01599.10
A.02.01.004,Celeriacs,Ghana,GH,0.023,0.24,01599.10
A.02.01.004,Celeriacs,Cote d'Ivoire,CI,0.159,0.24,01599.10
A.02.01.004,Celeriacs,Nicaragua,NI,0.11,0.24,01599.10
A.02.01.004,Celeriacs,Spain,ES,0.094,0.24,01599.10
A.02.01.004,Celeriacs,Thailand,TH,0.033,0.24,01599.10
A.02.01.004,Celeriacs,Togo,TG,0.111,0.24,01599.10
A.02.01.005,Horseradish roots,China,CN,0.135,0.24,01599.10
A.02.01.005,Horseradish roots,Costa Rica,CR,0.056,0.24,01599.10
A.02.01.005,Horseradish roots,France,FR,0.279,0.24,01599.10
A.02.01.005,Horseradish roots,Ghana,GH,0.023,0.24,01599.10
A.02.01.005,Horseradish roots,Cote d'Ivoire,CI,0.159,0.24,01599.10
A.02.01.005,Horseradish roots,Nicaragua,NI,0.11,0.24,01599.10
A.02.01.005,Horseradish roots,Spain,ES,0.094,0.24,01599.10
A.02.01.005,Horseradish roots,Thailand,TH,0.033,0.24,01599.10
A.02.01.005,Horseradish roots,Togo,TG,0.111,0.24,01599.10
A.02.01.006,Parsley roots,China,CN,0.135,0.24,01599.10
A.02.01.006,Parsley roots,Costa Rica,CR,0.056,0.24,01599.10
A.02.01.006,Parsley roots,France,FR,0.279,0.24,01599.10
A.02.01.006,Parsley roots,Ghana,GH,0.023,0.24,01599.10
A.02.01.006,Parsley roots,Cote d'Ivoire,CI,0.159,0.24,01599.10
A.02.01.006,Parsley roots,Nicaragua,NI,0.11,0.24,01599.10
A.02.01.006,Parsley roots,Spain,ES,0.094,0.24,01599.10
A.02.01.006,Parsley roots,Thailand,TH,0.033,0.24,01599.10
A.02.01.006,Parsley roots,Togo,TG,0.111,0.24,01599.10
A.02.01.007,Parsnip roots,China,CN,0.135,0.24,01599.10
A.02.01.007,Parsnip roots,Costa Rica,CR,0.056,0.24,01599.10
A.02.01.007,Parsnip roots,France,FR,0.279,0.24,01599.10
A.02.01.007,Parsnip roots,Ghana,GH,0.023,0.24,01599.10
A.02.01.007,Parsnip roots,Cote d'Ivoire,CI,0.159,0.24,01599.10
A.02.01.007,Parsnip roots,Nicaragua,NI,0.11,0.24,01599.10
A.02.01.007,Parsnip roots,Spain,ES,0.094,0.24,01599.10
A.02.01.007,Parsnip roots,Thailand,TH,0.033,0.24,01599.10
A.02.01.007,Parsnip roots,Togo,TG,0.111,0.24,01599.10
A.02.08.003,Chicory roots,China,CN,0.135,0.24,01599.10
A.02.08.003,Chicory roots,Costa Rica,CR,0.056,0.24,01599.10
A.02.08.003,Chicory roots,France,FR,0.279,0.24,01599.10
A.02.08.003,Chicory roots,Ghana,GH,0.023,0.24,01599.10
A.02.08.003,Chicory roots,Cote d'Ivoire,CI,0.159,0.24,01599.10
A.02.08.003,Chicory roots,Nicaragua,NI,0.11,0.24,01599.10
A.02.08.003,Chicory roots,Spain,ES,0.094,0.24,01599.10
A.02.08.003,Chicory roots,Thailand,TH,0.033,0.24,01599.10
A.02.08.003,Chicory roots,Togo,TG,0.111,0.24,01599.10
A.03.02.002,Cassava root (Manihot esculenta),China,CN,0.135,0.24,01599.10
A.03.02.002,Cassava root (Manihot esculenta),Costa Rica,CR,0.056,0.24,01599.10
A.03.02.002,Cassava root (Manihot esculenta),France,FR,0.279,0.24,01599.10
A.03.02.002,Cassava root (Manihot esculenta),Ghana,GH,0.023,0.24,01599.10
A.03.02.002,Cassava root (Manihot esculenta),Cote d'Ivoire,CI,0.159,0.24,01599.10
A.03.02.002,Cassava root (Manihot esculenta),Nicaragua,NI,0.11,0.24,01599.10
A.03.02.002,Cassava root (Manihot esculenta),Spain,ES,0.094,0.24,01599.10
A.03.02.002,Cassava root (Manihot esculenta),Thailand,TH,0.033,0.24,01599.10
A.03.02.002,Cassava root (Manihot esculenta),Togo,TG,0.111,0.24,01599.10
A.03.02.004,Yams,China,CN,0.135,0.24,01599.10
A.03.02.004,Yams,Costa Rica,CR,0.056,0.24,01599.10
A.03.02.004,Yams,France,FR,0.279,0.24,01599.10
A.03.02.004,Yams,Ghana,GH,0.023,0.24,01599.10
A.03.02.004,Yams,Cote d'Ivoire,CI,0.159,0.24,01599.10
A.03.02.004,Yams,Nicaragua,NI,0.11,0.24,01599.10
A.03.02.004,Yams,Spain,ES,0.094,0.24,01599.10
A.03.02.004,Yams,Thailand,TH,0.033,0.24,01599.10
A.03.02.004,Yams,Togo,TG,0.111,0.24,01599.10
A.03.02.005,Jerusalem artichokes,China,CN,0.135,0.24,01599.10
A.03.02.005,Jerusalem artichokes,Costa Rica,CR,0.056,0.24,01599.10
A.03.02.005,Jerusalem artichokes,France,FR,0.279,0.24,01599.10
A.03.02.005,Jerusalem artichokes,Ghana,GH,0.023,0.24,01599.10
A.03.02.005,Jerusalem artichokes,Cote d'Ivoire,CI,0.159,0.24,01599.10
A.03.02.005,Jerusalem artichokes,Nicaragua,NI,0.11,0.24,01599.10
A.03.02.005,Jerusalem artichokes,Spain,ES,0.094,0.24,01599.10
A.03.02.005,Jerusalem artichokes,Thailand,TH,0.033,0.24,01599.10
A.03.02.005,Jerusalem artichokes,Togo,TG,0.111,0.24,01599.10
A.04.02.020,Yams,China,CN,0.135,0.24,01599.10
A.04.02.020,Yams,Costa Rica,CR,0.056,0.24,01599.10
A.04.02.020,Yams,France,FR,0.279,0.24,01599.10
A.04.02.020,Yams,Ghana,GH,0.023,0.24,01599.10
A.04.02.020,Yams,Cote d'Ivoire,CI,0.159,0.24,01599.10
A.04.02.020,Yams,Nicaragua,NI,0.11,0.24,01599.10
A.04.02.020,Yams,Spain,ES,0.094,0.24,01599.10
A.04.02.020,Yams,Thailand,TH,0.033,0.24,01599.10
A.04.02.020,Yams,Togo,TG,0.111,0.24,01599.10
A.02.03.004,Aubergines,Italy,IT,0.948,0.07,01233
A.02.03.004,Aubergines,Spain,ES,0.052,0.07,01233
A.09.01.005,Duck eggs,China,CN,0.184,0.017,0232
A.09.01.005,Duck eggs,Hungary,HU,0.028,0.017,0232
A.09.01.005,Duck eggs,Portugal,PT,0.193,0.017,0232
A.09.01.005,Duck eggs,Romania,RO,0.091,0.017,0232
A.09.01.005,Duck eggs,Spain,ES,0.216,0.017,0232
A.09.01.005,Duck eggs,United Kingdom,GB,0.287,0.017,0232
A.09.01.006,Goose eggs,China,CN,0.184,0.017,0232
A.09.01.006,Goose eggs,Hungary,HU,0.028,0.017,0232
A.09.01.006,Goose eggs,Portugal,PT,0.193,0.017,0232
A.09.01.006,Goose eggs,Romania,RO,0.091,0.017,0232
A.09.01.006,Goose eggs,Spain,ES,0.216,0.017,0232
A.09.01.006,Goose eggs,United Kingdom,GB,0.287,0.017,0232
A.09.01.007,Quail eggs,China,CN,0.184,0.017,0232
A.09.01.007,Quail eggs,Hungary,HU,0.028,0.017,0232
A.09.01.007,Quail eggs,Portugal,PT,0.193,0.017,0232
A.09.01.007,Quail eggs,Romania,RO,0.091,0.017,0232
A.09.01.007,Quail eggs,Spain,ES,0.216,0.017,0232
A.09.01.007,Quail eggs,United Kingdom,GB,0.287,0.017,0232
A.05.04.013,Mulberries (black and white),Greece,GR,0.12,0.07,01315
A.05.04.013,Mulberries (black and white),Italy,IT,0.425,0.07,01315
A.05.04.013,Mulberries (black and white),Spain,ES,0.011,0.07,01315
A.05.04.013,Mulberries (black and white),Turkey,TR,0.445,0.07,01315
A.05.06.002,Figs,Greece,GR,0.12,0.07,01315
A.05.06.002,Figs,Italy,IT,0.425,0.07,01315
A.05.06.002,Figs,Spain,ES,0.011,0.07,01315
A.05.06.002,Figs,Turkey,TR,0.445,0.07,01315
A.06.02.007,Ratites fresh meat,Argentina,AR,0.03,0.057,21170.02
A.06.02.007,Ratites fresh meat,Austria,AT,0.046,0.057,21170.02
A.06.02.007,Ratites fresh meat,Germany,DE,0.549,0.057,21170.02
A.06.02.007,Ratites fresh meat,New Zealand,NZ,0.147,0.057,21170.02
A.06.02.007,Ratites fresh meat,Czechia,CZ,0.034,0.057,21170.02
A.06.02.007,Ratites fresh meat,Poland,PL,0.064,0.057,21170.02
A.06.02.007,Ratites fresh meat,Spain,ES,0.11,0.057,21170.02
A.06.02.007,Ratites fresh meat,United Kingdom,GB,0.019,0.057,21170.02
A.06.03.001,Wild boar fresh meat,Argentina,AR,0.03,0.057,21170.02
A.06.03.001,Wild boar fresh meat,Austria,AT,0.046,0.057,21170.02
A.06.03.001,Wild boar fresh meat,Germany,DE,0.549,0.057,21170.02
A.06.03.001,Wild boar fresh meat,New Zealand,NZ,0.147,0.057,21170.02
A.06.03.001,Wild boar fresh meat,Czechia,CZ,0.034,0.057,21170.02
A.06.03.001,Wild boar fresh meat,Poland,PL,0.064,0.057,21170.02
A.06.03.001,Wild boar fresh meat,Spain,ES,0.11,0.057,21170.02
A.06.03.001,Wild boar fresh meat,United Kingdom,GB,0.019,0.057,21170.02
A.06.03.002,"Deer, red fresh meat",Argentina,AR,0.03,0.057,21170.02
A.06.03.002,"Deer, red fresh meat",Austria,AT,0.046,0.057,21170.02
A.06.03.002,"Deer, red fresh meat",Germany,DE,0.549,0.057,21170.02
A.06.03.002,"Deer, red fresh meat",New Zealand,NZ,0.147,0.057,21170.02
A.06.03.002,"Deer, red fresh meat",Czechia,CZ,0.034,0.057,21170.02
A.06.03.002,"Deer, red fresh meat",Poland,PL,0.064,0.057,21170.02
A.06.03.002,"Deer, red fresh meat",Spain,ES,0.11,0.057,21170.02
A.06.03.002,"Deer, red fresh meat",United Kingdom,GB,0.019,0.057,21170.02
A.06.03.003,European moose meat,Argentina,AR,0.03,0.057,21170.02
A.06.03.003,European moose meat,Austria,AT,0.046,0.057,21170.02
A.06.03.003,European moose meat,Germany,DE,0.549,0.057,21170.02
A.06.03.003,European moose meat,New Zealand,NZ,0.147,0.057,21170.02
A.06.03.003,European moose meat,Czechia,CZ,0.034,0.057,21170.02
A.06.03.003,European moose meat,Poland,PL,0.064,0.057,21170.02
A.06.03.003,European moose meat,Spain,ES,0.11,0.057,21170.02
A.06.03.003,European moose meat,United Kingdom,GB,0.019,0.057,21170.02
A.06.03.004,Reindeer meat,Argentina,AR,0.03,0.057,21170.02
A.06.03.004,Reindeer meat,Austria,AT,0.046,0.057,21170.02
A.06.03.004,Reindeer meat,Germany,DE,0.549,0.057,21170.02
A.06.03.004,Reindeer meat,New Zealand,NZ,0.147,0.057,21170.02
A.06.03.004,Reindeer meat,Czechia,CZ,0.034,0.057,21170.02
A.06.03.004,Reindeer meat,Poland,PL,0.064,0.057,21170.02
A.06.03.004,Reindeer meat,Spain,ES,0.11,0.057,21170.02
A.06.03.004,Reindeer meat,United Kingdom,GB,0.019,0.057,21170.02
A.06.04.001,Pheasant fresh meat,Argentina,AR,0.03,0.057,21170.02
A.06.04.001,Pheasant fresh meat,Austria,AT,0.046,0.057,21170.02
A.06.04.001,Pheasant fresh meat,Germany,DE,0.549,0.057,21170.02
A.06.04.001,Pheasant fresh meat,New Zealand,NZ,0.147,0.057,21170.02
A.06.04.001,Pheasant fresh meat,Czechia,CZ,0.034,0.057,21170.02
A.06.04.001,Pheasant fresh meat,Poland,PL,0.064,0.057,21170.02
A.06.04.001,Pheasant fresh meat,Spain,ES,0.11,0.057,21170.02
A.06.04.001,Pheasant fresh meat,United Kingdom,GB,0.019,0.057,21170.02
A.06.04.003,Mallard fresh meat,Argentina,AR,0.03,0.057,21170.02
A.06.04.003,Mallard fresh meat,Austria,AT,0.046,0.057,21170.02
A.06.04.003,Mallard fresh meat,Germany,DE,0.549,0.057,21170.02
A.06.04.003,Mallard fresh meat,New Zealand,NZ,0.147,0.057,21170.02
A.06.04.003,Mallard fresh meat,Czechia,CZ,0.034,0.057,21170.02
A.06.04.003,Mallard fresh meat,Poland,PL,0.064,0.057,21170.02
A.06.04.003,Mallard fresh meat,Spain,ES,0.11,0.057,21170.02
A.06.04.003,Mallard fresh meat,United Kingdom,GB,0.019,0.057,21170.02
A.06.04.004,Partridge fresh meat,Argentina,AR,0.03,0.057,21170.02
A.06.04.004,Partridge fresh meat,Austria,AT,0.046,0.057,21170.02
A.06.04.004,Partridge fresh meat,Germany,DE,0.549,0.057,21170.02
A.06.04.004,Partridge fresh meat,New Zealand,NZ,0.147,0.057,21170.02
A.06.04.004,Partridge fresh meat,Czechia,CZ,0.034,0.057,21170.02
A.06.04.004,Partridge fresh meat,Poland,PL,0.064,0.057,21170.02
A.06.04.004,Partridge fresh meat,Spain,ES,0.11,0.057,21170.02
A.06.04.004,Partridge fresh meat,United Kingdom,GB,0.019,0.057,21170.02
A.06.04.005,Quail fresh meat,Argentina,AR,0.03,0.057,21170.02
A.06.04.005,Quail fresh meat,Austria,AT,0.046,0.057,21170.02
A.06.04.005,Quail fresh meat,Germany,DE,0.549,0.057,21170.02
A.06.04.005,Quail fresh meat,New Zealand,NZ,0.147,0.057,21170.02
A.06.04.005,Quail fresh meat,Czechia,CZ,0.034,0.057,21170.02
A.06.04.005,Quail fresh meat,Poland,PL,0.064,0.057,21170.02
A.06.04.005,Quail fresh meat,Spain,ES,0.11,0.057,21170.02
A.06.04.005,Quail fresh meat,United Kingdom,GB,0.019,0.057,21170.02
A.05.04.011,"Gooseberries (green, red and yellow)",Rest of World,RoW,1,0.07,01351.02
A.05.04.001,Table grapes,Italy,IT,0.981,0.07,01330
A.05.04.001,Table grapes,Spain,ES,0.019,0.07,01330
A.05.04.002,Wine grapes,Italy,IT,0.981,0.07,01330
A.05.04.002,Wine grapes,Spain,ES,0.019,0.07,01330
A.02.03.012,Sweet corn,China,CN,0.011,0.07,01290.01
A.02.03.012,Sweet corn,France,FR,0.568,0.07,01290.01
A.02.03.012,Sweet corn,Hungary,HU,0.397,0.07,01290.01
A.02.03.012,Sweet corn,Romania,RO,0.011,0.07,01290.01
A.02.03.012,Sweet corn,Thailand,TH,0.013,0.07,01290.01
A.02.02.001,Garlic,Argentina,AR,0.038,0.07,01252
A.02.02.001,Garlic,China,CN,0.089,0.07,01252
A.02.02.001,Garlic,Egypt,EG,0.015,0.07,01252
A.02.02.001,Garlic,France,FR,0.015,0.07,01252
A.02.02.001,Garlic,Italy,IT,0.514,0.07,01252
A.02.02.001,Garlic,Spain,ES,0.328,0.07,01252
A.04.02.021,Peanuts,Australia,AU,0.031,0.06,0142
A.04.02.021,Peanuts,Italy,IT,0.69,0.06,0142
A.04.02.021,Peanuts,Spain,ES,0.052,0.06,0142
A.04.02.021,Peanuts,USA,US,0.228,0.06,0142
A.04.03.007,Hazelnuts,Chile,CL,0.046,0.06,01374
A.04.03.007,Hazelnuts,Georgia,GE,0.021,0.06,01374
A.04.03.007,Hazelnuts,Italy,IT,0.725,0.06,01374
A.04.03.007,Hazelnuts,Turkey,TR,0.208,0.06,01374
A.09.01.001,Hen eggs,Italy,IT,0.898,0.017,0231
A.09.01.001,Hen eggs,Netherlands,NL,0.011,0.017,0231
A.09.01.001,Hen eggs,Poland,PL,0.064,0.017,0231
A.09.01.001,Hen eggs,Spain,ES,0.027,0.017,0231
A.06.01.006,Equine muscle,Argentina,AR,0.059,0.057,21118.01
A.06.01.006,Equine muscle,Brazil,BR,0.011,0.057,21118.01
A.06.01.006,Equine muscle,Canada,CA,0.014,0.057,21118.01
A.06.01.006,Equine muscle,France,FR,0.013,0.057,21118.01
A.06.01.006,Equine muscle,Ireland,IE,0.014,0.057,21118.01
A.06.01.006,Equine muscle,Italy,IT,0.406,0.057,21118.01
A.06.01.006,Equine muscle,Mexico,MX,0.031,0.057,21118.01
A.06.01.006,Equine muscle,Poland,PL,0.294,0.057,21118.01
A.06.01.006,Equine muscle,Romania,RO,0.022,0.057,21118.01
A.06.01.006,Equine muscle,Spain,ES,0.122,0.057,21118.01
A.06.01.006,Equine muscle,USA,US,0.015,0.057,21118.01
A.05.06.008,"Kiwi fruits (green, red, yellow)",Chile,CL,0.05,0.07,01352
A.05.06.008,"Kiwi fruits (green, red, yellow)",Italy,IT,0.917,0.07,01352
A.05.06.008,"Kiwi fruits (green, red, yellow)",New Zealand,NZ,0.033,0.07,01352
A.04.03.013,Kola nut (Cola spp.),Rest of World,RoW,1,0.06,01379.02
A.02.07.006,Leeks,France,FR,0.105,0.07,01254
A.02.07.006,Leeks,Germany,DE,0.091,0.07,01254
A.02.07.006,Leeks,Italy,IT,0.419,0.07,01254
A.02.07.006,Leeks,Netherlands,NL,0.204,0.07,01254
A.02.07.006,Leeks,Spain,ES,0.065,0.07,01254
A.02.07.006,Leeks,Belgium,BE,0.117,0.07,01254
A.05.01.003,Lemons,Argentina,AR,0.115,0.07,01322
A.05.01.003,Lemons,Italy,IT,0.79,0.07,01322
A.05.01.003,Lemons,Spain,ES,0.095,0.07,01322
A.05.01.004,Limes,Argentina,AR,0.115,0.07,01322
A.05.01.004,Limes,Italy,IT,0.79,0.07,01322
A.05.01.004,Limes,Spain,ES,0.095,0.07,01322
A.05.06.004,Kumquats,Argentina,AR,0.115,0.07,01322
A.05.06.004,Kumquats,Italy,IT,0.79,0.07,01322
A.05.06.004,Kumquats,Spain,ES,0.095,0.07,01322
A.04.02.002,Lentils (dry) and similar-,Canada,CA,0.67,0.06,01704
A.04.02.002,Lentils (dry) and similar-,China,CN,0.025,0.06,01704
A.04.02.002,Lentils (dry) and similar-,Italy,IT,0.065,0.06,01704
A.04.02.002,Lentils (dry) and similar-,Turkey,TR,0.04,0.06,01704
A.04.02.002,Lentils (dry) and similar-,USA,US,0.2,0.06,01704
A.02.05.001,Lamb's lettuces,Italy,IT,0.908,0.07,01214
A.02.05.001,Lamb's lettuces,Netherlands,NL,0.014,0.07,01214
A.02.05.001,Lamb's lettuces,Spain,ES,0.078,0.07,01214
A.02.05.002,Head lettuces,Italy,IT,0.908,0.07,01214
A.02.05.002,Head lettuces,Netherlands,NL,0.014,0.07,01214
A.02.05.002,Head lettuces,Spain,ES,0.078,0.07,01214
A.02.05.003,Crisp lettuces,Italy,IT,0.908,0.07,01214
A.02.05.003,Crisp lettuces,Netherlands,NL,0.014,0.07,01214
A.02.05.003,Crisp lettuces,Spain,ES,0.078,0.07,01214
A.02.05.004,Escaroles,Italy,IT,0.908,0.07,01214
A.02.05.004,Escaroles,Netherlands,NL,0.014,0.07,01214
A.02.05.004,Escaroles,Spain,ES,0.078,0.07,01214
A.02.05.016,Witloofs,Italy,IT,0.908,0.07,01214
A.02.05.016,Witloofs,Netherlands,NL,0.014,0.07,01214
A.02.05.016,Witloofs,Spain,ES,0.078,0.07,01214
A.04.04.001,Linseeds,Argentina,AR,0.017,0.06,01441
A.04.04.001,Linseeds,Canada,CA,0.149,0.06,01441
A.04.04.001,Linseeds,Germany,DE,0.012,0.06,01441
A.04.04.001,Linseeds,Italy,IT,0.039,0.06,01441
A.04.04.001,Linseeds,Kazakhstan,KZ,0.113,0.06,01441
A.04.04.001,Linseeds,Romania,RO,0.012,0.06,01441
A.04.04.001,Linseeds,Russia,RU,0.61,0.06,01441
A.04.04.001,Linseeds,United Kingdom,GB,0.015,0.06,01441
A.04.04.001,Linseeds,Ukraine,UA,0.032,0.06,01441
A.04.02.004,Lupins (Lupinus spp.),Australia,AU,0.012,0.06,01709.02
A.04.02.004,Lupins (Lupinus spp.),France,FR,0.056,0.06,01709.02
A.04.02.004,Lupins (Lupinus spp.),Germany,DE,0.03,0.06,01709.02
A.04.02.004,Lupins (Lupinus spp.),Italy,IT,0.816,0.06,01709.02
A.04.02.004,Lupins (Lupinus spp.),United Kingdom,GB,0.086,0.06,01709.02
A.01.02.003,Maize grain,Austria,AT,0.028,0.045,0112
A.01.02.003,Maize grain,Bulgaria,BG,0.015,0.045,0112
A.01.02.003,Maize grain,France,FR,0.041,0.045,0112
A.01.02.003,Maize grain,Hungary,HU,0.079,0.045,0112
A.01.02.003,Maize grain,Italy,IT,0.697,0.045,0112
A.01.02.003,Maize grain,Romania,RO,0.021,0.045,0112
A.01.02.003,Maize grain,Russia,RU,0.012,0.045,0112
A.01.02.003,Maize grain,Ukraine,UA,0.106,0.045,0112
A.05.06.016,Mangoes,Brazil,BR,0.367,0.07,01316
A.05.06.016,Mangoes,Costa Rica,CR,0.031,0.07,01316
A.05.06.016,Mangoes,Ecuador,EC,0.018,0.07,01316
A.05.06.016,Mangoes,Ghana,GH,0.025,0.07,01316
A.05.06.016,Mangoes,India,IN,0.053,0.07,01316
A.05.06.016,Mangoes,Israel,IL,0.023,0.07,01316
A.05.06.016,Mangoes,Cote d'Ivoire,CI,0.058,0.07,01316
A.05.06.016,Mangoes,Mali,ML,0.015,0.07,01316
A.05.06.016,Mangoes,Mexico,MX,0.033,0.07,01316
A.05.06.016,Mangoes,Pakistan,PK,0.087,0.07,01316
A.05.06.016,Mangoes,Peru,PE,0.25,0.07,01316
A.05.06.016,Mangoes,Senegal,SN,0.021,0.07,01316
A.05.06.016,Mangoes,Burkina Faso,BF,0.019,0.07,01316
A.05.06.020,Guavas,Brazil,BR,0.367,0.07,01316
A.05.06.020,Guavas,Costa Rica,CR,0.031,0.07,01316
A.05.06.020,Guavas,Ecuador,EC,0.018,0.07,01316
A.05.06.020,Guavas,Ghana,GH,0.025,0.07,01316
A.05.06.020,Guavas,India,IN,0.053,0.07,01316
A.05.06.020,Guavas,Israel,IL,0.023,0.07,01316
A.05.06.020,Guavas,Cote d'Ivoire,CI,0.058,0.07,01316
A.05.06.020,Guavas,Mali,ML,0.015,0.07,01316
A.05.06.020,Guavas,Mexico,MX,0.033,0.07,01316
A.05.06.020,Guavas,Pakistan,PK,0.087,0.07,01316
A.05.06.020,Guavas,Peru,PE,0.25,0.07,01316
A.05.06.020,Guavas,Senegal,SN,0.021,0.07,01316
A.05.06.020,Guavas,Burkina Faso,BF,0.019,0.07,01316
A.02.10.011,Maté (Ilex paraguariensis),Argentina,AR,0.605,0.07,01630
A.02.10.011,Maté (Ilex paraguariensis),Brazil,BR,0.38,0.07,01630
A.02.10.011,Maté (Ilex paraguariensis),Paraguay,PY,0.015,0.07,01630
A.06.01.001,Bovine muscle,Austria,AT,0.016,0.057,21111.02
A.06.01.001,Bovine muscle,Brazil,BR,0.028,0.057,21111.02
A.06.01.001,Bovine muscle,France,FR,0.056,0.057,21111.02
A.06.01.001,Bovine muscle,Germany,DE,0.04,0.057,21111.02
A.06.01.001,Bovine muscle,Ireland,IE,0.023,0.057,21111.02
A.06.01.001,Bovine muscle,Italy,IT,0.726,0.057,21111.02
A.06.01.001,Bovine muscle,Netherlands,NL,0.027,0.057,21111.02
A.06.01.001,Bovine muscle,Poland,PL,0.058,0.057,21111.02
A.06.01.001,Bovine muscle,Spain,ES,0.014,0.057,21111.02
A.06.01.001,Bovine muscle,Belgium,BE,0.012,0.057,21111.02
A.06.01.002,Calf fresh meat,Austria,AT,0.016,0.057,21111.02
A.06.01.002,Calf fresh meat,Brazil,BR,0.028,0.057,21111.02
A.06.01.002,Calf fresh meat,France,FR,0.056,0.057,21111.02
A.06.01.002,Calf fresh meat,Germany,DE,0.04,0.057,21111.02
A.06.01.002,Calf fresh meat,Ireland,IE,0.023,0.057,21111.02
A.06.01.002,Calf fresh meat,Italy,IT,0.726,0.057,21111.02
A.06.01.002,Calf fresh meat,Netherlands,NL,0.027,0.057,21111.02
A.06.01.002,Calf fresh meat,Poland,PL,0.058,0.057,21111.02
A.06.01.002,Calf fresh meat,Spain,ES,0.014,0.057,21111.02
A.06.01.002,Calf fresh meat,Belgium,BE,0.012,0.057,21111.02
A.06.02.006,Guinea-fowl fresh meat,Germany,DE,0.021,0.057,21121
A.06.02.006,Guinea-fowl fresh meat,Italy,IT,0.967,0.057,21121
A.06.02.006,Guinea-fowl fresh meat,Netherlands,NL,0.012,0.057,21121
A.06.02.001,Chicken meat (Gallus domesticus),Germany,DE,0.021,0.057,21121
A.06.02.001,Chicken meat (Gallus domesticus),Italy,IT,0.967,0.057,21121
A.06.02.001,Chicken meat (Gallus domesticus),Netherlands,NL,0.012,0.057,21121
A.06.02.003,Duck fresh meat,France,FR,0.349,0.057,21122
A.06.02.003,Duck fresh meat,Germany,DE,0.031,0.057,21122
A.06.02.003,Duck fresh meat,Hungary,HU,0.577,0.057,21122
A.06.02.003,Duck fresh meat,Netherlands,NL,0.031,0.057,21122
A.06.02.003,Duck fresh meat,Poland,PL,0.012,0.057,21122
A.06.02.004,Goose fresh meat,France,FR,0.011,0.057,21123
A.06.02.004,Goose fresh meat,Hungary,HU,0.755,0.057,21123
A.06.02.004,Goose fresh meat,Italy,IT,0.154,0.057,21123
A.06.02.004,Goose fresh meat,Poland,PL,0.08,0.057,21123
A.06.01.005,Goat muscle,France,FR,0.307,0.057,21116
A.06.01.005,Goat muscle,Greece,GR,0.112,0.057,21116
A.06.01.005,Goat muscle,Italy,IT,0.517,0.057,21116
A.06.01.005,Goat muscle,Netherlands,NL,0.016,0.057,21116
A.06.01.005,Goat muscle,Spain,ES,0.048,0.057,21116
A.06.01.007,Rabbit fresh meat,France,FR,0.025,0.057,21114
A.06.01.007,Rabbit fresh meat,Hungary,HU,0.012,0.057,21114
A.06.01.007,Rabbit fresh meat,Italy,IT,0.963,0.057,21114
A.06.03.006,Hare fresh meat,France,FR,0.025,0.057,21114
A.06.03.006,Hare fresh meat,Hungary,HU,0.012,0.057,21114
A.06.03.006,Hare fresh meat,Italy,IT,0.963,0.057,21114
A.06.01.004,Sheep muscle,France,FR,0.028,0.057,21115
A.06.01.004,Sheep muscle,Greece,GR,0.032,0.057,21115
A.06.01.004,Sheep muscle,Ireland,IE,0.032,0.057,21115
A.06.01.004,Sheep muscle,Italy,IT,0.621,0.057,21115
A.06.01.004,Sheep muscle,North Macedonia,MK,0.025,0.057,21115
A.06.01.004,Sheep muscle,New Zealand,NZ,0.091,0.057,21115
A.06.01.004,Sheep muscle,Spain,ES,0.099,0.057,21115
A.06.01.004,Sheep muscle,United Kingdom,GB,0.072,0.057,21115
A.06.02.002,Turkey fresh meat,Italy,IT,1,0.057,21124
A.01.02.007,Millet grain,Australia,AU,0.02,0.045,0118
A.01.02.007,Millet grain,Austria,AT,0.071,0.045,0118
A.01.02.007,Millet grain,China,CN,0.041,0.045,0118
A.01.02.007,Millet grain,France,FR,0.194,0.045,0118
A.01.02.007,Millet grain,Hungary,HU,0.098,0.045,0118
A.01.02.007,Millet grain,India,IN,0.158,0.045,0118
A.01.02.007,Millet grain,Czechia,CZ,0.02,0.045,0118
A.01.02.007,Millet grain,Poland,PL,0.038,0.045,0118
A.01.02.007,Millet grain,Russia,RU,0.167,0.045,0118
A.01.02.007,Millet grain,Ukraine,UA,0.172,0.045,0118
A.01.02.007,Millet grain,USA,US,0.022,0.045,0118
A.02.15.001,Common mushrooms,Hungary,HU,0.018,0.07,01270
A.02.15.001,Common mushrooms,Italy,IT,0.585,0.07,01270
A.02.15.001,Common mushrooms,Netherlands,NL,0.102,0.07,01270
A.02.15.001,Common mushrooms,Poland,PL,0.175,0.07,01270
A.02.15.001,Common mushrooms,Romania,RO,0.014,0.07,01270
A.02.15.001,Common mushrooms,Spain,ES,0.105,0.07,01270
A.02.15.002,Oyster mushroom (Pleurotus ostreatus),Hungary,HU,0.018,0.07,01270
A.02.15.002,Oyster mushroom (Pleurotus ostreatus),Italy,IT,0.585,0.07,01270
A.02.15.002,Oyster mushroom (Pleurotus ostreatus),Netherlands,NL,0.102,0.07,01270
A.02.15.002,Oyster mushroom (Pleurotus ostreatus),Poland,PL,0.175,0.07,01270
A.02.15.002,Oyster mushroom (Pleurotus ostreatus),Romania,RO,0.014,0.07,01270
A.02.15.002,Oyster mushroom (Pleurotus ostreatus),Spain,ES,0.105,0.07,01270
A.02.15.003,Shiitake,Hungary,HU,0.018,0.07,01270
A.02.15.003,Shiitake,Italy,IT,0.585,0.07,01270
A.02.15.003,Shiitake,Netherlands,NL,0.102,0.07,01270
A.02.15.003,Shiitake,Poland,PL,0.175,0.07,01270
A.02.15.003,Shiitake,Romania,RO,0.014,0.07,01270
A.02.15.003,Shiitake,Spain,ES,0.105,0.07,01270
A.02.16.002,Honey mushroom,Hungary,HU,0.018,0.07,01270
A.02.16.002,Honey mushroom,Italy,IT,0.585,0.07,01270
A.02.16.002,Honey mushroom,Netherlands,NL,0.102,0.07,01270
A.02.16.002,Honey mushroom,Poland,PL,0.175,0.07,01270
A.02.16.002,Honey mushroom,Romania,RO,0.014,0.07,01270
A.02.16.002,Honey mushroom,Spain,ES,0.105,0.07,01270
A.02.16.003,Ceps,Hungary,HU,0.018,0.07,01270
A.02.16.003,Ceps,Italy,IT,0.585,0.07,01270
A.02.16.003,Ceps,Netherlands,NL,0.102,0.07,01270
A.02.16.003,Ceps,Poland,PL,0.175,0.07,01270
A.02.16.003,Ceps,Romania,RO,0.014,0.07,01270
A.02.16.003,Ceps,Spain,ES,0.105,0.07,01270
A.02.16.004,Truffles,Hungary,HU,0.018,0.07,01270
A.02.16.004,Truffles,Italy,IT,0.585,0.07,01270
A.02.16.004,Truffles,Netherlands,NL,0.102,0.07,01270
A.02.16.004,Truffles,Poland,PL,0.175,0.07,01270
A.02.16.004,Truffles,Romania,RO,0.014,0.07,01270
A.02.16.004,Truffles,Spain,ES,0.105,0.07,01270
A.02.16.005,Morels,Hungary,HU,0.018,0.07,01270
A.02.16.005,Morels,Italy,IT,0.585,0.07,01270
A.02.16.005,Morels,Netherlands,NL,0.102,0.07,01270
A.02.16.005,Morels,Poland,PL,0.175,0.07,01270
A.02.16.005,Morels,Romania,RO,0.014,0.07,01270
A.02.16.005,Morels,Spain,ES,0.105,0.07,01270
A.02.16.006,Chanterelles,Hungary,HU,0.018,0.07,01270
A.02.16.006,Chanterelles,Italy,IT,0.585,0.07,01270
A.02.16.006,Chanterelles,Netherlands,NL,0.102,0.07,01270
A.02.16.006,Chanterelles,Poland,PL,0.175,0.07,01270
A.02.16.006,Chanterelles,Romania,RO,0.014,0.07,01270
A.02.16.006,Chanterelles,Spain,ES,0.105,0.07,01270
A.02.16.007,Saffron milk cap,Hungary,HU,0.018,0.07,01270
A.02.16.007,Saffron milk cap,Italy,IT,0.585,0.07,01270
A.02.16.007,Saffron milk cap,Netherlands,NL,0.102,0.07,01270
A.02.16.007,Saffron milk cap,Poland,PL,0.175,0.07,01270
A.02.16.007,Saffron milk cap,Romania,RO,0.014,0.07,01270
A.02.16.007,Saffron milk cap,Spain,ES,0.105,0.07,01270
A.10.07,Honey,Argentina,AR,0.056,0.06,02910
A.10.07,Honey,Bulgaria,BG,0.017,0.06,02910
A.10.07,Honey,Chile,CL,0.025,0.06,02910
A.10.07,Honey,China,CN,0.103,0.06,02910
A.10.07,Honey,Hungary,HU,0.315,0.06,02910
A.10.07,Honey,Italy,IT,0.359,0.06,02910
A.10.07,Honey,Romania,RO,0.055,0.06,02910
A.10.07,Honey,Spain,ES,0.03,0.06,02910
A.10.07,Honey,Ukraine,UA,0.012,0.06,02910
A.10.07,Honey,Serbia,RS,0.027,0.06,02910
A.01.02.008,Oat grain,Austria,AT,0.015,0.045,0117
A.01.02.008,Oat grain,France,FR,0.029,0.045,0117
A.01.02.008,Oat grain,Germany,DE,0.019,0.045,0117
A.01.02.008,Oat grain,Italy,IT,0.909,0.045,0117
A.01.02.008,Oat grain,Czechia,CZ,0.014,0.045,0117
A.01.02.008,Oat grain,Spain,ES,0.014,0.045,0117
A.05.05.002,Palm nuts (palmoil kernels),Bulgaria,BG,0.011,0.06,01491.02
A.05.05.002,Palm nuts (palmoil kernels),China,CN,0.103,0.06,01491.02
A.05.05.002,Palm nuts (palmoil kernels),France,FR,0.012,0.06,01491.02
A.05.05.002,Palm nuts (palmoil kernels),Hungary,HU,0.019,0.06,01491.02
A.05.05.002,Palm nuts (palmoil kernels),India,IN,0.077,0.06,01491.02
A.05.05.002,Palm nuts (palmoil kernels),Italy,IT,0.614,0.06,01491.02
A.05.05.002,Palm nuts (palmoil kernels),Malaysia,MY,0.081,0.06,01491.02
A.05.05.002,Palm nuts (palmoil kernels),Pakistan,PK,0.02,0.06,01491.02
A.05.05.002,Palm nuts (palmoil kernels),Ethiopia,ET,0.063,0.06,01491.02
A.05.05.001,Olives for oil production,Greece,GR,0.091,0.06,01450
A.05.05.001,Olives for oil production,Italy,IT,0.708,0.06,01450
A.05.05.001,Olives for oil production,Spain,ES,0.161,0.06,01450
A.05.05.001,Olives for oil production,Tunisia,TN,0.039,0.06,01450
A.05.06.003,Table olives,Greece,GR,0.091,0.06,01450
A.05.06.003,Table olives,Italy,IT,0.708,0.06,01450
A.05.06.003,Table olives,Spain,ES,0.161,0.06,01450
A.05.06.003,Table olives,Tunisia,TN,0.039,0.06,01450
A.02.02.002,Onions,Austria,AT,0.018,0.07,01253.02
A.02.02.002,Onions,Egypt,EG,0.014,0.07,01253.02
A.02.02.002,Onions,France,FR,0.02,0.07,01253.02
A.02.02.002,Onions,Germany,DE,0.041,0.07,01253.02
A.02.02.002,Onions,Italy,IT,0.842,0.07,01253.02
A.02.02.002,Onions,Netherlands,NL,0.049,0.07,01253.02
A.02.02.002,Onions,Spain,ES,0.015,0.07,01253.02
A.02.02.003,Shallots,Austria,AT,0.018,0.07,01253.02
A.02.02.003,Shallots,Egypt,EG,0.014,0.07,01253.02
A.02.02.003,Shallots,France,FR,0.02,0.07,01253.02
A.02.02.003,Shallots,Germany,DE,0.041,0.07,01253.02
A.02.02.003,Shallots,Italy,IT,0.842,0.07,01253.02
A.02.02.003,Shallots,Netherlands,NL,0.049,0.07,01253.02
A.02.02.003,Shallots,Spain,ES,0.015,0.07,01253.02
A.02.02.004,Spring onions,Austria,AT,0.018,0.07,01253.02
A.02.02.004,Spring onions,Egypt,EG,0.014,0.07,01253.02
A.02.02.004,Spring onions,France,FR,0.02,0.07,01253.02
A.02.02.004,Spring onions,Germany,DE,0.041,0.07,01253.02
A.02.02.004,Spring onions,Italy,IT,0.842,0.07,01253.02
A.02.02.004,Spring onions,Netherlands,NL,0.049,0.07,01253.02
A.02.02.004,Spring onions,Spain,ES,0.015,0.07,01253.02
A.02.02.005,Chives,Austria,AT,0.018,0.07,01253.02
A.02.02.005,Chives,Egypt,EG,0.014,0.07,01253.02
A.02.02.005,Chives,France,FR,0.02,0.07,01253.02
A.02.02.005,Chives,Germany,DE,0.041,0.07,01253.02
A.02.02.005,Chives,Italy,IT,0.842,0.07,01253.02
A.02.02.005,Chives,Netherlands,NL,0.049,0.07,01253.02
A.02.02.005,Chives,Spain,ES,0.015,0.07,01253.02
A.05.01.002,Oranges,Brazil,BR,0.011,0.07,01323
A.05.01.002,Oranges,Italy,IT,0.891,0.07,01323
A.05.01.002,Oranges,South Africa,ZA,0.02,0.07,01323
A.05.01.002,Oranges,Spain,ES,0.078,0.07,01323
A.02.03.005,Okra,Rest of World,RoW,1,0.07,01359.90
A.02.05.014,Grape leaves,Rest of World,RoW,1,0.07,01359.90
A.02.05.017,Oraches leaves,Rest of World,RoW,1,0.07,01359.90
A.02.07.008,Bamboo shoots,Rest of World,RoW,1,0.07,01359.90
A.02.07.009,Palm hearts,Rest of World,RoW,1,0.07,01359.90
A.05.02.004,Medlars,Rest of World,RoW,1,0.07,01359.90
A.05.02.005,Loquats,Rest of World,RoW,1,0.07,01359.90
A.05.06.005,Carambolas,Rest of World,RoW,1,0.07,01359.90
A.05.06.009,Litchis,Rest of World,RoW,1,0.07,01359.90
A.05.06.010,Passionfruits,Rest of World,RoW,1,0.07,01359.90
A.05.06.011,Prickly pears,Rest of World,RoW,1,0.07,01359.90
A.05.06.018,Granate apples,Rest of World,RoW,1,0.07,01359.90
A.05.06.019,Wild sweetsops,Rest of World,RoW,1,0.07,01359.90
A.05.06.022,Bread fruit (jackfruit) (Artocarpus altilis),Rest of World,RoW,1,0.07,01359.90
A.05.06.030,Chayote (Sechium edule),Rest of World,RoW,1,0.07,01359.90
A.05.06.034,Longans,Rest of World,RoW,1,0.07,01359.90
A.04.04.004,Sesame seed (Sesamum indicum syn. S. orientale),Bulgaria,BG,0.011,0.06,01449.90
A.04.04.004,Sesame seed (Sesamum indicum syn. S. orientale),China,CN,0.103,0.06,01449.90
A.04.04.004,Sesame seed (Sesamum indicum syn. S. orientale),France,FR,0.012,0.06,01449.90
A.04.04.004,Sesame seed (Sesamum indicum syn. S. orientale),Hungary,HU,0.019,0.06,01449.90
A.04.04.004,Sesame seed (Sesamum indicum syn. S. orientale),India,IN,0.077,0.06,01449.90
A.04.04.004,Sesame seed (Sesamum indicum syn. S. orientale),Italy,IT,0.614,0.06,01449.90
A.04.04.004,Sesame seed (Sesamum indicum syn. S. orientale),Malaysia,MY,0.081,0.06,01449.90
A.04.04.004,Sesame seed (Sesamum indicum syn. S. orientale),Pakistan,PK,0.02,0.06,01449.90
A.04.04.004,Sesame seed (Sesamum indicum syn. S. orientale),Ethiopia,ET,0.063,0.06,01449.90
A.04.04.007,Mustard seed (Brassica nigra),Bulgaria,BG,0.011,0.06,01449.90
A.04.04.007,Mustard seed (Brassica nigra),China,CN,0.103,0.06,01449.90
A.04.04.007,Mustard seed (Brassica nigra),France,FR,0.012,0.06,01449.90
A.04.04.007,Mustard seed (Brassica nigra),Hungary,HU,0.019,0.06,01449.90
A.04.04.007,Mustard seed (Brassica nigra),India,IN,0.077,0.06,01449.90
A.04.04.007,Mustard seed (Brassica nigra),Italy,IT,0.614,0.06,01449.90
A.04.04.007,Mustard seed (Brassica nigra),Malaysia,MY,0.081,0.06,01449.90
A.04.04.007,Mustard seed (Brassica nigra),Pakistan,PK,0.02,0.06,01449.90
A.04.04.007,Mustard seed (Brassica nigra),Ethiopia,ET,0.063,0.06,01449.90
A.04.04.009,Pumpkin seeds,Bulgaria,BG,0.011,0.06,01449.90
A.04.04.009,Pumpkin seeds,China,CN,0.103,0.06,01449.90
A.04.04.009,Pumpkin seeds,France,FR,0.012,0.06,01449.90
A.04.04.009,Pumpkin seeds,Hungary,HU,0.019,0.06,01449.90
A.04.04.009,Pumpkin seeds,India,IN,0.077,0.06,01449.90
A.04.04.009,Pumpkin seeds,Italy,IT,0.614,0.06,01449.90
A.04.04.009,Pumpkin seeds,Malaysia,MY,0.081,0.06,01449.90
A.04.04.009,Pumpkin seeds,Pakistan,PK,0.02,0.06,01449.90
A.04.04.009,Pumpkin seeds,Ethiopia,ET,0.063,0.06,01449.90
A.04.04.013,Hempseed (Cannabis sativa),Bulgaria,BG,0.011,0.06,01449.90
A.04.04.013,Hempseed (Cannabis sativa),China,CN,0.103,0.06,01449.90
A.04.04.013,Hempseed (Cannabis sativa),France,FR,0.012,0.06,01449.90
A.04.04.013,Hempseed (Cannabis sativa),Hungary,HU,0.019,0.06,01449.90
A.04.04.013,Hempseed (Cannabis sativa),India,IN,0.077,0.06,01449.90
A.04.04.013,Hempseed (Cannabis sativa),Italy,IT,0.614,0.06,01449.90
A.04.04.013,Hempseed (Cannabis sativa),Malaysia,MY,0.081,0.06,01449.90
A.04.04.013,Hempseed (Cannabis sativa),Pakistan,PK,0.02,0.06,01449.90
A.04.04.013,Hempseed (Cannabis sativa),Ethiopia,ET,0.063,0.06,01449.90
A.04.05,Other oilseeds (including elsewhere non-listed seeds),Bulgaria,BG,0.011,0.06,01449.90
A.04.05,Other oilseeds (including elsewhere non-listed seeds),China,CN,0.103,0.06,01449.90
A.04.05,Other oilseeds (including elsewhere non-listed seeds),France,FR,0.012,0.06,01449.90
A.04.05,Other oilseeds (including elsewhere non-listed seeds),Hungary,HU,0.019,0.06,01449.90
A.04.05,Other oilseeds (including elsewhere non-listed seeds),India,IN,0.077,0.06,01449.90
A.04.05,Other oilseeds (including elsewhere non-listed seeds),Italy,IT,0.614,0.06,01449.90
A.04.05,Other oilseeds (including elsewhere non-listed seeds),Malaysia,MY,0.081,0.06,01449.90
A.04.05,Other oilseeds (including elsewhere non-listed seeds),Pakistan,PK,0.02,0.06,01449.90
A.04.05,Other oilseeds (including elsewhere non-listed seeds),Ethiopia,ET,0.063,0.06,01449.90
A.02.05.022,Alfalfa sprouts,Argentina,AR,0.063,0.06,01709.90
A.02.05.022,Alfalfa sprouts,Brazil,BR,0.015,0.06,01709.90
A.02.05.022,Alfalfa sprouts,Canada,CA,0.173,0.06,01709.90
A.02.05.022,Alfalfa sprouts,China,CN,0.367,0.06,01709.90
A.02.05.022,Alfalfa sprouts,Egypt,EG,0.049,0.06,01709.90
A.02.05.022,Alfalfa sprouts,Italy,IT,0.091,0.06,01709.90
A.02.05.022,Alfalfa sprouts,Poland,PL,0.014,0.06,01709.90
A.02.05.022,Alfalfa sprouts,USA,US,0.165,0.06,01709.90
A.02.05.022,Alfalfa sprouts,Ethiopia,ET,0.062,0.06,01709.90
A.04.02.014,Carobs,Argentina,AR,0.063,0.06,01709.90
A.04.02.014,Carobs,Brazil,BR,0.015,0.06,01709.90
A.04.02.014,Carobs,Canada,CA,0.173,0.06,01709.90
A.04.02.014,Carobs,China,CN,0.367,0.06,01709.90
A.04.02.014,Carobs,Egypt,EG,0.049,0.06,01709.90
A.04.02.014,Carobs,Italy,IT,0.091,0.06,01709.90
A.04.02.014,Carobs,Poland,PL,0.014,0.06,01709.90
A.04.02.014,Carobs,USA,US,0.165,0.06,01709.90
A.04.02.014,Carobs,Ethiopia,ET,0.062,0.06,01709.90
A.02.09.001,Carrageen mosses,Rest of World,RoW,1,0.07,01699
A.02.09.001.001,Kombu,Rest of World,RoW,1,0.07,01699
A.02.09.001.002,Laver,Rest of World,RoW,1,0.07,01699
A.02.09.001.003,Wakame,Rest of World,RoW,1,0.07,01699
A.02.10.001,Teas  and similar-,Rest of World,RoW,1,0.07,01699
A.02.10.004,Mints,Rest of World,RoW,1,0.07,01699
A.02.10.009,Strawberry infusion leaves,Rest of World,RoW,1,0.07,01699
A.02.10.013,Ginseng infusion roots,Rest of World,RoW,1,0.07,01699
A.04.04.010,Safflower (Carthamus tinctorius),Rest of World,RoW,1,0.07,01699
A.04.04.011,Borage (Borago officinalis),Rest of World,RoW,1,0.07,01699
A.05.04.012,Rose hips,Rest of World,RoW,1,0.07,01699
A.16.01.002,Chives,Rest of World,RoW,1,0.07,01699
A.16.01.003,Dill leaves,Rest of World,RoW,1,0.07,01699
A.16.01.004,Celery leaves,Rest of World,RoW,1,0.07,01699
A.16.01.005,Parsley,Rest of World,RoW,1,0.07,01699
A.16.01.006,Sage,Rest of World,RoW,1,0.07,01699
A.16.01.007,Rosemary,Rest of World,RoW,1,0.07,01699
A.16.01.008,Thyme,Rest of World,RoW,1,0.07,01699
A.16.01.009,Basil,Rest of World,RoW,1,0.07,01699
A.16.01.010,Laurel,Rest of World,RoW,1,0.07,01699
A.16.01.011,Tarragon,Rest of World,RoW,1,0.07,01699
A.16.02.004,Allspice fruit,Rest of World,RoW,1,0.07,01699
A.16.02.009,Capers buds,Rest of World,RoW,1,0.07,01699
A.16.02.011,Cardamom fruit,Rest of World,RoW,1,0.07,01699
A.16.02.014,Cinnamon (Cinnamonum verum syn. C. zeylanicum),Rest of World,RoW,1,0.07,01699
A.16.02.015,Cloves (Syzygium aromaticum),Rest of World,RoW,1,0.07,01699
A.16.02.020,Fenugreek seed,Rest of World,RoW,1,0.07,01699
A.16.02.022,Ginger (Zingiber officinale),Rest of World,RoW,1,0.07,01699
A.16.02.024,Juniper berry,Rest of World,RoW,1,0.07,01699
A.16.02.025,Mace aril,Rest of World,RoW,1,0.07,01699
A.16.02.027,Nutmeg (Myristica fragans),Rest of World,RoW,1,0.07,01699
A.16.02.028,"Pepper, black and white (Piper nigrum)",Rest of World,RoW,1,0.07,01699
A.16.02.029,Saffron,Rest of World,RoW,1,0.07,01699
A.16.02.030,Tamarind,Rest of World,RoW,1,0.07,01699
A.16.02.031,Turmeric roots,Rest of World,RoW,1,0.07,01699
A.16.09.003,Vanilla pods (Vanilla fragrans syn. Vanilla planifolia),Rest of World,RoW,1,0.07,01699
I.16.01.012,Marjoram,Rest of World,RoW,1,0.07,01699
I.16.01.013,Oregano,Rest of World,RoW,1,0.07,01699
I.16.01.014,Mints,Rest of World,RoW,1,0.07,01699
I.16.01.015,Coriander leaves,Rest of World,RoW,1,0.07,01699
I.16.01.016,Lovage leaves,Rest of World,RoW,1,0.07,01699
I.16.01.017,Winter savory,Rest of World,RoW,1,0.07,01699
A.05.06.017,Papayas,Brazil,BR,0.838,0.07,01317
A.05.06.017,Papayas,Costa Rica,CR,0.032,0.07,01317
A.05.06.017,Papayas,Ecuador,EC,0.088,0.07,01317
A.05.06.017,Papayas,Ghana,GH,0.015,0.07,01317
A.05.06.017,Papayas,India,IN,0.027,0.07,01317
A.05.06.029,Papayas,Brazil,BR,0.838,0.07,01317
A.05.06.029,Papayas,Costa Rica,CR,0.032,0.07,01317
A.05.06.029,Papayas,Ecuador,EC,0.088,0.07,01317
A.05.06.029,Papayas,Ghana,GH,0.015,0.07,01317
A.05.06.029,Papayas,India,IN,0.027,0.07,01317
A.05.03.011,Peaches and similar-,Italy,IT,0.955,0.07,01345
A.05.03.011,Peaches and similar-,Spain,ES,0.045,0.07,01345
A.05.02.002,Pears,Argentina,AR,0.047,0.07,01342.01
A.05.02.002,Pears,Chile,CL,0.018,0.07,01342.01
A.05.02.002,Pears,Italy,IT,0.909,0.07,01342.01
A.05.02.002,Pears,Spain,ES,0.025,0.07,01342.01
A.05.02.009,Nashi pears,Argentina,AR,0.047,0.07,01342.01
A.05.02.009,Nashi pears,Chile,CL,0.018,0.07,01342.01
A.05.02.009,Nashi pears,Italy,IT,0.909,0.07,01342.01
A.05.02.009,Nashi pears,Spain,ES,0.025,0.07,01342.01
A.02.06.002,Peas (with pods) and similar-,Argentina,AR,0.012,0.06,01705
A.02.06.002,Peas (with pods) and similar-,Canada,CA,0.038,0.06,01705
A.02.06.002,Peas (with pods) and similar-,France,FR,0.123,0.06,01705
A.02.06.002,Peas (with pods) and similar-,Hungary,HU,0.019,0.06,01705
A.02.06.002,Peas (with pods) and similar-,Italy,IT,0.192,0.06,01705
A.02.06.002,Peas (with pods) and similar-,Russia,RU,0.589,0.06,01705
A.02.06.002,Peas (with pods) and similar-,Ukraine,UA,0.015,0.06,01705
A.02.06.002,Peas (with pods) and similar-,USA,US,0.011,0.06,01705
A.04.02.003,Peas (dry) and similar-,Argentina,AR,0.012,0.06,01705
A.04.02.003,Peas (dry) and similar-,Canada,CA,0.038,0.06,01705
A.04.02.003,Peas (dry) and similar-,France,FR,0.123,0.06,01705
A.04.02.003,Peas (dry) and similar-,Hungary,HU,0.019,0.06,01705
A.04.02.003,Peas (dry) and similar-,Italy,IT,0.192,0.06,01705
A.04.02.003,Peas (dry) and similar-,Russia,RU,0.589,0.06,01705
A.04.02.003,Peas (dry) and similar-,Ukraine,UA,0.015,0.06,01705
A.04.02.003,Peas (dry) and similar-,USA,US,0.011,0.06,01705
A.04.02.011,Black eyed peas (dry),Argentina,AR,0.012,0.06,01705
A.04.02.011,Black eyed peas (dry),Canada,CA,0.038,0.06,01705
A.04.02.011,Black eyed peas (dry),France,FR,0.123,0.06,01705
A.04.02.011,Black eyed peas (dry),Hungary,HU,0.019,0.06,01705
A.04.02.011,Black eyed peas (dry),Italy,IT,0.192,0.06,01705
A.04.02.011,Black eyed peas (dry),Russia,RU,0.589,0.06,01705
A.04.02.011,Black eyed peas (dry),Ukraine,UA,0.015,0.06,01705
A.04.02.011,Black eyed peas (dry),USA,US,0.011,0.06,01705
A.04.01.002,Peas (without pods) and similar-,Italy,IT,1,0.07,01242
A.05.06.006,Persimmon (Sharon fruit) (Diospyros kaki),Italy,IT,0.787,0.07,01359.01
A.05.06.006,Persimmon (Sharon fruit) (Diospyros kaki),Spain,ES,0.213,0.07,01359.01
A.05.06.021,Pineapples,Costa Rica,CR,0.765,0.07,01318
A.05.06.021,Pineapples,Ghana,GH,0.016,0.07,01318
A.05.06.021,Pineapples,Indonesia,ID,0.032,0.07,01318
A.05.06.021,Pineapples,Kenya,KE,0.027,0.07,01318
A.05.06.021,Pineapples,Panama,PA,0.023,0.07,01318
A.05.06.021,Pineapples,Thailand,TH,0.138,0.07,01318
A.04.03.011,Pistachios (Pistachia vera),Greece,GR,0.02,0.06,01375
A.04.03.011,Pistachios (Pistachia vera),Iran,IR,0.156,0.06,01375
A.04.03.011,Pistachios (Pistachia vera),Italy,IT,0.235,0.06,01375
A.04.03.011,Pistachios (Pistachia vera),Syrian Arab Republic,SY,0.025,0.06,01375
A.04.03.011,Pistachios (Pistachia vera),Turkey,TR,0.099,0.06,01375
A.04.03.011,Pistachios (Pistachia vera),USA,US,0.465,0.06,01375
A.05.03.002,Plums,Bulgaria,BG,0.016,0.07,01346
A.05.03.002,Plums,Chile,CL,0.056,0.07,01346
A.05.03.002,Plums,France,FR,0.027,0.07,01346
A.05.03.002,Plums,Italy,IT,0.825,0.07,01346
A.05.03.002,Plums,Spain,ES,0.022,0.07,01346
A.05.03.002,Plums,USA,US,0.055,0.07,01346
A.05.03.003,Damsons,Bulgaria,BG,0.016,0.07,01346
A.05.03.003,Damsons,Chile,CL,0.056,0.07,01346
A.05.03.003,Damsons,France,FR,0.027,0.07,01346
A.05.03.003,Damsons,Italy,IT,0.825,0.07,01346
A.05.03.003,Damsons,Spain,ES,0.022,0.07,01346
A.05.03.003,Damsons,USA,US,0.055,0.07,01346
A.05.03.004,Mirabelles,Bulgaria,BG,0.016,0.07,01346
A.05.03.004,Mirabelles,Chile,CL,0.056,0.07,01346
A.05.03.004,Mirabelles,France,FR,0.027,0.07,01346
A.05.03.004,Mirabelles,Italy,IT,0.825,0.07,01346
A.05.03.004,Mirabelles,Spain,ES,0.022,0.07,01346
A.05.03.004,Mirabelles,USA,US,0.055,0.07,01346
A.05.03.005,Gages,Bulgaria,BG,0.016,0.07,01346
A.05.03.005,Gages,Chile,CL,0.056,0.07,01346
A.05.03.005,Gages,France,FR,0.027,0.07,01346
A.05.03.005,Gages,Italy,IT,0.825,0.07,01346
A.05.03.005,Gages,Spain,ES,0.022,0.07,01346
A.05.03.005,Gages,USA,US,0.055,0.07,01346
A.05.01.001,Grapefruits,China,CN,0.064,0.07,01321
A.05.01.001,Grapefruits,Cuba,CU,0.015,0.07,01321
A.05.01.001,Grapefruits,Cyprus,CY,0.08,0.07,01321
A.05.01.001,Grapefruits,Israel,IL,0.215,0.07,01321
A.05.01.001,Grapefruits,Italy,IT,0.177,0.07,01321
A.05.01.001,Grapefruits,Mexico,MX,0.014,0.07,01321
A.05.01.001,Grapefruits,South Africa,ZA,0.303,0.07,01321
A.05.01.001,Grapefruits,Spain,ES,0.044,0.07,01321
A.05.01.001,Grapefruits,Turkey,TR,0.063,0.07,01321
A.05.01.001,Grapefruits,USA,US,0.026,0.07,01321
A.05.01.006,Pomelo (Citrus grandis),China,CN,0.064,0.07,01321
A.05.01.006,Pomelo (Citrus grandis),Cuba,CU,0.015,0.07,01321
A.05.01.006,Pomelo (Citrus grandis),Cyprus,CY,0.08,0.07,01321
A.05.01.006,Pomelo (Citrus grandis),Israel,IL,0.215,0.07,01321
A.05.01.006,Pomelo (Citrus grandis),Italy,IT,0.177,0.07,01321
A.05.01.006,Pomelo (Citrus grandis),Mexico,MX,0.014,0.07,01321
A.05.01.006,Pomelo (Citrus grandis),South Africa,ZA,0.303,0.07,01321
A.05.01.006,Pomelo (Citrus grandis),Spain,ES,0.044,0.07,01321
A.05.01.006,Pomelo (Citrus grandis),Turkey,TR,0.063,0.07,01321
A.05.01.006,Pomelo (Citrus grandis),USA,US,0.026,0.07,01321
A.04.04.003,Poppy seeds,Austria,AT,0.01,0.06,01448
A.04.04.003,Poppy seeds,France,FR,0.14,0.06,01448
A.04.04.003,Poppy seeds,Germany,DE,0.022,0.06,01448
A.04.04.003,Poppy seeds,Hungary,HU,0.025,0.06,01448
A.04.04.003,Poppy seeds,Netherlands,NL,0.01,0.06,01448
A.04.04.003,Poppy seeds,Czechia,CZ,0.306,0.06,01448
A.04.04.003,Poppy seeds,Spain,ES,0.133,0.06,01448
A.04.04.003,Poppy seeds,Turkey,TR,0.354,0.06,01448
A.03.01.001,New potatoes,Austria,AT,0.012,0.24,01510
A.03.01.001,New potatoes,Egypt,EG,0.032,0.24,01510
A.03.01.001,New potatoes,France,FR,0.172,0.24,01510
A.03.01.001,New potatoes,Germany,DE,0.106,0.24,01510
A.03.01.001,New potatoes,Italy,IT,0.533,0.24,01510
A.03.01.001,New potatoes,Netherlands,NL,0.09,0.24,01510
A.03.01.001,New potatoes,Belgium,BE,0.055,0.24,01510
A.03.01.002,Main-crop potatoes,Austria,AT,0.012,0.24,01510
A.03.01.002,Main-crop potatoes,Egypt,EG,0.032,0.24,01510
A.03.01.002,Main-crop potatoes,France,FR,0.172,0.24,01510
A.03.01.002,Main-crop potatoes,Germany,DE,0.106,0.24,01510
A.03.01.002,Main-crop potatoes,Italy,IT,0.533,0.24,01510
A.03.01.002,Main-crop potatoes,Netherlands,NL,0.09,0.24,01510
A.03.01.002,Main-crop potatoes,Belgium,BE,0.055,0.24,01510
A.02.03.008,Courgettes,Italy,IT,0.976,0.07,01235
A.02.03.008,Courgettes,Spain,ES,0.024,0.07,01235
A.02.03.010,Pumpkins,Italy,IT,0.976,0.07,01235
A.02.03.010,Pumpkins,Spain,ES,0.024,0.07,01235
A.05.02.003,Quinces,Bulgaria,BG,0.022,0.06,01342.02
A.05.02.003,Quinces,Greece,GR,0.025,0.06,01342.02
A.05.02.003,Quinces,Italy,IT,0.685,0.06,01342.02
A.05.02.003,Quinces,Spain,ES,0.227,0.06,01342.02
A.05.02.003,Quinces,Turkey,TR,0.018,0.06,01342.02
A.05.02.003,Quinces,Belgium,BE,0.022,0.06,01342.02
I.01.02.010.006,Quinoa grain,Bolivia,BO,0.443,0.06,01194
I.01.02.010.006,Quinoa grain,Ecuador,EC,0.013,0.06,01194
I.01.02.010.006,Quinoa grain,Peru,PE,0.544,0.06,01194
A.04.04.006 ,Rape seed (Brassica napus),Australia,AU,0.039,0.06,01443
A.04.04.006 ,Rape seed (Brassica napus),Austria,AT,0.029,0.06,01443
A.04.04.006 ,Rape seed (Brassica napus),Bulgaria,BG,0.086,0.06,01443
A.04.04.006 ,Rape seed (Brassica napus),France,FR,0.152,0.06,01443
A.04.04.006 ,Rape seed (Brassica napus),Germany,DE,0.141,0.06,01443
A.04.04.006 ,Rape seed (Brassica napus),Hungary,HU,0.043,0.06,01443
A.04.04.006 ,Rape seed (Brassica napus),Italy,IT,0.127,0.06,01443
A.04.04.006 ,Rape seed (Brassica napus),Czechia,CZ,0.136,0.06,01443
A.04.04.006 ,Rape seed (Brassica napus),Poland,PL,0.052,0.06,01443
A.04.04.006 ,Rape seed (Brassica napus),Romania,RO,0.022,0.06,01443
A.04.04.006 ,Rape seed (Brassica napus),Russia,RU,0.067,0.06,01443
A.04.04.006 ,Rape seed (Brassica napus),Slovakia,SK,0.06,0.06,01443
A.04.04.006 ,Rape seed (Brassica napus),Ukraine,UA,0.045,0.06,01443
A.05.04.004,Blackberries,Canada,CA,0.045,0.07,01353.01
A.05.04.004,Blackberries,France,FR,0.053,0.07,01353.01
A.05.04.004,Blackberries,Germany,DE,0.058,0.07,01353.01
A.05.04.004,Blackberries,Italy,IT,0.428,0.07,01353.01
A.05.04.004,Blackberries,Morocco,MA,0.056,0.07,01353.01
A.05.04.004,Blackberries,Netherlands,NL,0.04,0.07,01353.01
A.05.04.004,Blackberries,Poland,PL,0.044,0.07,01353.01
A.05.04.004,Blackberries,Romania,RO,0.02,0.07,01353.01
A.05.04.004,Blackberries,Spain,ES,0.255,0.07,01353.01
A.05.04.006,Raspberries (red and yellow),Canada,CA,0.045,0.07,01353.01
A.05.04.006,Raspberries (red and yellow),France,FR,0.053,0.07,01353.01
A.05.04.006,Raspberries (red and yellow),Germany,DE,0.058,0.07,01353.01
A.05.04.006,Raspberries (red and yellow),Italy,IT,0.428,0.07,01353.01
A.05.04.006,Raspberries (red and yellow),Morocco,MA,0.056,0.07,01353.01
A.05.04.006,Raspberries (red and yellow),Netherlands,NL,0.04,0.07,01353.01
A.05.04.006,Raspberries (red and yellow),Poland,PL,0.044,0.07,01353.01
A.05.04.006,Raspberries (red and yellow),Romania,RO,0.02,0.07,01353.01
A.05.04.006,Raspberries (red and yellow),Spain,ES,0.255,0.07,01353.01
A.05.04.016,Cloudberries,Canada,CA,0.045,0.07,01353.01
A.05.04.016,Cloudberries,France,FR,0.053,0.07,01353.01
A.05.04.016,Cloudberries,Germany,DE,0.058,0.07,01353.01
A.05.04.016,Cloudberries,Italy,IT,0.428,0.07,01353.01
A.05.04.016,Cloudberries,Morocco,MA,0.056,0.07,01353.01
A.05.04.016,Cloudberries,Netherlands,NL,0.04,0.07,01353.01
A.05.04.016,Cloudberries,Poland,PL,0.044,0.07,01353.01
A.05.04.016,Cloudberries,Romania,RO,0.02,0.07,01353.01
A.05.04.016,Cloudberries,Spain,ES,0.255,0.07,01353.01
A.08.01.001.001,"Cow milk, > 4% fat (inc. Channel Island milk)",Austria,AT,0.032,0.017,02211
A.08.01.001.001,"Cow milk, > 4% fat (inc. Channel Island milk)",France,FR,0.086,0.017,02211
A.08.01.001.001,"Cow milk, > 4% fat (inc. Channel Island milk)",Germany,DE,0.152,0.017,02211
A.08.01.001.001,"Cow milk, > 4% fat (inc. Channel Island milk)",Italy,IT,0.668,0.017,02211
A.08.01.001.001,"Cow milk, > 4% fat (inc. Channel Island milk)",Netherlands,NL,0.028,0.017,02211
A.08.01.001.001,"Cow milk, > 4% fat (inc. Channel Island milk)",Poland,PL,0.02,0.017,02211
A.08.01.001.001,"Cow milk, > 4% fat (inc. Channel Island milk)",Belgium,BE,0.013,0.017,02211
A.08.01.001.002,Cow milk,Austria,AT,0.032,0.017,02211
A.08.01.001.002,Cow milk,France,FR,0.086,0.017,02211
A.08.01.001.002,Cow milk,Germany,DE,0.152,0.017,02211
A.08.01.001.002,Cow milk,Italy,IT,0.668,0.017,02211
A.08.01.001.002,Cow milk,Netherlands,NL,0.028,0.017,02211
A.08.01.001.002,Cow milk,Poland,PL,0.02,0.017,02211
A.08.01.001.002,Cow milk,Belgium,BE,0.013,0.017,02211
A.08.01.007,Ass milk,Austria,AT,0.032,0.017,02211
A.08.01.007,Ass milk,France,FR,0.086,0.017,02211
A.08.01.007,Ass milk,Germany,DE,0.152,0.017,02211
A.08.01.007,Ass milk,Italy,IT,0.668,0.017,02211
A.08.01.007,Ass milk,Netherlands,NL,0.028,0.017,02211
A.08.01.007,Ass milk,Poland,PL,0.02,0.017,02211
A.08.01.007,Ass milk,Belgium,BE,0.013,0.017,02211
A.08.01.002,Sheep milk,Italy,IT,1,0.017,02291
A.01.02.009,Rice grain,France,FR,0.096,0.045,0113
A.01.02.009,Rice grain,Latvia,LV,0.816,0.045,0113
A.01.02.009,Rice grain,Lithuania,LT,0.015,0.045,0113
A.01.02.009,Rice grain,United Kingdom,GB,0.072,0.045,0113
A.01.02.009.007,Indian rice grain,France,FR,0.096,0.045,0113
A.01.02.009.007,Indian rice grain,Latvia,LV,0.816,0.045,0113
A.01.02.009.007,Indian rice grain,Lithuania,LT,0.015,0.045,0113
A.01.02.009.007,Indian rice grain,United Kingdom,GB,0.072,0.045,0113
A.01.02.004,Rye grain,Austria,AT,0.109,0.045,0116
A.01.02.004,Rye grain,France,FR,0.052,0.045,0116
A.01.02.004,Rye grain,Germany,DE,0.388,0.045,0116
A.01.02.004,Rye grain,Hungary,HU,0.012,0.045,0116
A.01.02.004,Rye grain,Italy,IT,0.329,0.045,0116
A.01.02.004,Rye grain,Czechia,CZ,0.064,0.045,0116
A.01.02.004,Rye grain,Poland,PL,0.047,0.045,0116
A.01.02.010.002,Sorghum grain,France,FR,0.021,0.045,0114
A.01.02.010.002,Sorghum grain,India,IN,0.022,0.045,0114
A.01.02.010.002,Sorghum grain,Italy,IT,0.709,0.045,0114
A.01.02.010.002,Sorghum grain,Russia,RU,0.038,0.045,0114
A.01.02.010.002,Sorghum grain,Ukraine,UA,0.115,0.045,0114
A.01.02.010.002,Sorghum grain,USA,US,0.094,0.045,0114
A.05.03.007,Sour cherries,Greece,GR,0.026,0.07,01344.01
A.05.03.007,Sour cherries,Italy,IT,0.875,0.07,01344.01
A.05.03.007,Sour cherries,Spain,ES,0.054,0.07,01344.01
A.05.03.007,Sour cherries,Serbia,RS,0.045,0.07,01344.01
A.04.02.012,Soyabeans for oil,Argentina,AR,0.261,0.06,0141
A.04.02.012,Soyabeans for oil,Bolivia,BO,0.012,0.06,0141
A.04.02.012,Soyabeans for oil,Brazil,BR,0.215,0.06,0141
A.04.02.012,Soyabeans for oil,Canada,CA,0.027,0.06,0141
A.04.02.012,Soyabeans for oil,India,IN,0.02,0.06,0141
A.04.02.012,Soyabeans for oil,Italy,IT,0.165,0.06,0141
A.04.02.012,Soyabeans for oil,Paraguay,PY,0.103,0.06,0141
A.04.02.012,Soyabeans for oil,Ukraine,UA,0.103,0.06,0141
A.04.02.012,Soyabeans for oil,USA,US,0.072,0.06,0141
A.04.02.012,Soyabeans for oil,Uruguay,UY,0.022,0.06,0141
A.02.05.010,Spinaches,Italy,IT,1,0.07,01215
A.02.05.012,Purslanes,Italy,IT,1,0.07,01215
A.02.05.020,Common nettle,Italy,IT,1,0.07,01215
A.02.05.021,Garden sorrel,Italy,IT,1,0.07,01215
A.05.04.003,Strawberries,France,FR,0.011,0.07,01354
A.05.04.003,Strawberries,Italy,IT,0.822,0.07,01354
A.05.04.003,Strawberries,Spain,ES,0.166,0.07,01354
A.02.05.013,Chards,Austria,AT,0.039,0.045,01801
A.02.05.013,Chards,Egypt,EG,0.031,0.045,01801
A.02.05.013,Chards,France,FR,0.241,0.045,01801
A.02.05.013,Chards,Germany,DE,0.218,0.045,01801
A.02.05.013,Chards,Croatia,HR,0.013,0.045,01801
A.02.05.013,Chards,Italy,IT,0.299,0.045,01801
A.02.05.013,Chards,Netherlands,NL,0.019,0.045,01801
A.02.05.013,Chards,Czechia,CZ,0.011,0.045,01801
A.02.05.013,Chards,Poland,PL,0.012,0.045,01801
A.02.05.013,Chards,Russia,RU,0.042,0.045,01801
A.02.05.013,Chards,United Kingdom,GB,0.011,0.045,01801
A.02.05.013,Chards,Belgium,BE,0.011,0.045,01801
A.02.05.013,Chards,Serbia,RS,0.053,0.045,01801
A.02.07.007,Rhubarbs,Austria,AT,0.039,0.045,01801
A.02.07.007,Rhubarbs,Egypt,EG,0.031,0.045,01801
A.02.07.007,Rhubarbs,France,FR,0.241,0.045,01801
A.02.07.007,Rhubarbs,Germany,DE,0.218,0.045,01801
A.02.07.007,Rhubarbs,Croatia,HR,0.013,0.045,01801
A.02.07.007,Rhubarbs,Italy,IT,0.299,0.045,01801
A.02.07.007,Rhubarbs,Netherlands,NL,0.019,0.045,01801
A.02.07.007,Rhubarbs,Czechia,CZ,0.011,0.045,01801
A.02.07.007,Rhubarbs,Poland,PL,0.012,0.045,01801
A.02.07.007,Rhubarbs,Russia,RU,0.042,0.045,01801
A.02.07.007,Rhubarbs,United Kingdom,GB,0.011,0.045,01801
A.02.07.007,Rhubarbs,Belgium,BE,0.011,0.045,01801
A.02.07.007,Rhubarbs,Serbia,RS,0.053,0.045,01801
A.02.08.001,Sugar beet (root) (Beta vulgaris),Austria,AT,0.039,0.045,01801
A.02.08.001,Sugar beet (root) (Beta vulgaris),Egypt,EG,0.031,0.045,01801
A.02.08.001,Sugar beet (root) (Beta vulgaris),France,FR,0.241,0.045,01801
A.02.08.001,Sugar beet (root) (Beta vulgaris),Germany,DE,0.218,0.045,01801
A.02.08.001,Sugar beet (root) (Beta vulgaris),Croatia,HR,0.013,0.045,01801
A.02.08.001,Sugar beet (root) (Beta vulgaris),Italy,IT,0.299,0.045,01801
A.02.08.001,Sugar beet (root) (Beta vulgaris),Netherlands,NL,0.019,0.045,01801
A.02.08.001,Sugar beet (root) (Beta vulgaris),Czechia,CZ,0.011,0.045,01801
A.02.08.001,Sugar beet (root) (Beta vulgaris),Poland,PL,0.012,0.045,01801
A.02.08.001,Sugar beet (root) (Beta vulgaris),Russia,RU,0.042,0.045,01801
A.02.08.001,Sugar beet (root) (Beta vulgaris),United Kingdom,GB,0.011,0.045,01801
A.02.08.001,Sugar beet (root) (Beta vulgaris),Belgium,BE,0.011,0.045,01801
A.02.08.001,Sugar beet (root) (Beta vulgaris),Serbia,RS,0.053,0.045,01801
A.02.01.009,Salsifies,Bulgaria,BG,0.057,0.06,01445
A.02.01.009,Salsifies,Greece,GR,0.011,0.06,01445
A.02.01.009,Salsifies,Hungary,HU,0.102,0.06,01445
A.02.01.009,Salsifies,Italy,IT,0.205,0.06,01445
A.02.01.009,Salsifies,Republic of Moldova,MD,0.025,0.06,01445
A.02.01.009,Salsifies,Romania,RO,0.101,0.06,01445
A.02.01.009,Salsifies,Russia,RU,0.298,0.06,01445
A.02.01.009,Salsifies,Ukraine,UA,0.16,0.06,01445
A.02.01.009,Salsifies,Serbia,RS,0.039,0.06,01445
A.02.05.019,Dandelions,Bulgaria,BG,0.057,0.06,01445
A.02.05.019,Dandelions,Greece,GR,0.011,0.06,01445
A.02.05.019,Dandelions,Hungary,HU,0.102,0.06,01445
A.02.05.019,Dandelions,Italy,IT,0.205,0.06,01445
A.02.05.019,Dandelions,Republic of Moldova,MD,0.025,0.06,01445
A.02.05.019,Dandelions,Romania,RO,0.101,0.06,01445
A.02.05.019,Dandelions,Russia,RU,0.298,0.06,01445
A.02.05.019,Dandelions,Ukraine,UA,0.16,0.06,01445
A.02.05.019,Dandelions,Serbia,RS,0.039,0.06,01445
A.02.07.002,Cardoons,Bulgaria,BG,0.057,0.06,01445
A.02.07.002,Cardoons,Greece,GR,0.011,0.06,01445
A.02.07.002,Cardoons,Hungary,HU,0.102,0.06,01445
A.02.07.002,Cardoons,Italy,IT,0.205,0.06,01445
A.02.07.002,Cardoons,Republic of Moldova,MD,0.025,0.06,01445
A.02.07.002,Cardoons,Romania,RO,0.101,0.06,01445
A.02.07.002,Cardoons,Russia,RU,0.298,0.06,01445
A.02.07.002,Cardoons,Ukraine,UA,0.16,0.06,01445
A.02.07.002,Cardoons,Serbia,RS,0.039,0.06,01445
A.04.04.005,Sunflower seeds,Bulgaria,BG,0.057,0.06,01445
A.04.04.005,Sunflower seeds,Greece,GR,0.011,0.06,01445
A.04.04.005,Sunflower seeds,Hungary,HU,0.102,0.06,01445
A.04.04.005,Sunflower seeds,Italy,IT,0.205,0.06,01445
A.04.04.005,Sunflower seeds,Republic of Moldova,MD,0.025,0.06,01445
A.04.04.005,Sunflower seeds,Romania,RO,0.101,0.06,01445
A.04.04.005,Sunflower seeds,Russia,RU,0.298,0.06,01445
A.04.04.005,Sunflower seeds,Ukraine,UA,0.16,0.06,01445
A.04.04.005,Sunflower seeds,Serbia,RS,0.039,0.06,01445
A.03.02.001,Sweet potatoes,China,CN,0.035,0.24,01530
A.03.02.001,Sweet potatoes,Egypt,EG,0.049,0.24,01530
A.03.02.001,Sweet potatoes,Honduras,HN,0.042,0.24,01530
A.03.02.001,Sweet potatoes,Israel,IL,0.071,0.24,01530
A.03.02.001,Sweet potatoes,Italy,IT,0.324,0.24,01530
A.03.02.001,Sweet potatoes,Peru,PE,0.015,0.24,01530
A.03.02.001,Sweet potatoes,Spain,ES,0.25,0.24,01530
A.03.02.001,Sweet potatoes,USA,US,0.215,0.24,01530
A.05.01.005,Mandarins and similar-,Italy,IT,0.885,0.07,01324
A.05.01.005,Mandarins and similar-,Spain,ES,0.115,0.07,01324
A.02.03.001,Tomatoes,China,CN,0.023,0.07,01234
A.02.03.001,Tomatoes,Italy,IT,0.899,0.07,01234
A.02.03.001,Tomatoes,Spain,ES,0.029,0.07,01234
A.02.03.001,Tomatoes,USA,US,0.049,0.07,01234
A.05.04.029,Ground cherries (physalis etc.),China,CN,0.023,0.07,01234
A.05.04.029,Ground cherries (physalis etc.),Italy,IT,0.899,0.07,01234
A.05.04.029,Ground cherries (physalis etc.),Spain,ES,0.029,0.07,01234
A.05.04.029,Ground cherries (physalis etc.),USA,US,0.049,0.07,01234
A.05.06.013,American persimmons,China,CN,0.023,0.07,01234
A.05.06.013,American persimmons,Italy,IT,0.899,0.07,01234
A.05.06.013,American persimmons,Spain,ES,0.029,0.07,01234
A.05.06.013,American persimmons,USA,US,0.049,0.07,01234
A.04.03.012,Walnuts,Argentina,AR,0.04,0.06,01376
A.04.03.012,Walnuts,Chile,CL,0.105,0.06,01376
A.04.03.012,Walnuts,France,FR,0.147,0.06,01376
A.04.03.012,Walnuts,Italy,IT,0.28,0.06,01376
A.04.03.012,Walnuts,Republic of Moldova,MD,0.027,0.06,01376
A.04.03.012,Walnuts,Romania,RO,0.016,0.06,01376
A.04.03.012,Walnuts,Ukraine,UA,0.021,0.06,01376
A.04.03.012,Walnuts,USA,US,0.365,0.06,01376
A.02.03.011,Watermelons,Greece,GR,0.063,0.07,01221
A.02.03.011,Watermelons,Italy,IT,0.922,0.07,01221
A.02.03.011,Watermelons,Spain,ES,0.015,0.07,01221
A.01.02.001,Common wheat grain,Australia,AU,0.017,0.045,0111
A.01.02.001,Common wheat grain,Austria,AT,0.027,0.045,0111
A.01.02.001,Common wheat grain,Bulgaria,BG,0.03,0.045,0111
A.01.02.001,Common wheat grain,Canada,CA,0.049,0.045,0111
A.01.02.001,Common wheat grain,France,FR,0.141,0.045,0111
A.01.02.001,Common wheat grain,Germany,DE,0.044,0.045,0111
A.01.02.001,Common wheat grain,Hungary,HU,0.057,0.045,0111
A.01.02.001,Common wheat grain,Italy,IT,0.57,0.045,0111
A.01.02.001,Common wheat grain,Romania,RO,0.013,0.045,0111
A.01.02.001,Common wheat grain,Slovakia,SK,0.012,0.045,0111
A.01.02.001,Common wheat grain,USA,US,0.04,0.045,0111
A.01.02.001.002,Durum wheat grain,Australia,AU,0.017,0.045,0111
A.01.02.001.002,Durum wheat grain,Austria,AT,0.027,0.045,0111
A.01.02.001.002,Durum wheat grain,Bulgaria,BG,0.03,0.045,0111
A.01.02.001.002,Durum wheat grain,Canada,CA,0.049,0.045,0111
A.01.02.001.002,Durum wheat grain,France,FR,0.141,0.045,0111
A.01.02.001.002,Durum wheat grain,Germany,DE,0.044,0.045,0111
A.01.02.001.002,Durum wheat grain,Hungary,HU,0.057,0.045,0111
A.01.02.001.002,Durum wheat grain,Italy,IT,0.57,0.045,0111
A.01.02.001.002,Durum wheat grain,Romania,RO,0.013,0.045,0111
A.01.02.001.002,Durum wheat grain,Slovakia,SK,0.012,0.045,0111
A.01.02.001.002,Durum wheat grain,USA,US,0.04,0.045,0111
A.01.02.001.003,Common wheat grain,Australia,AU,0.017,0.045,0111
A.01.02.001.003,Common wheat grain,Austria,AT,0.027,0.045,0111
A.01.02.001.003,Common wheat grain,Bulgaria,BG,0.03,0.045,0111
A.01.02.001.003,Common wheat grain,Canada,CA,0.049,0.045,0111
A.01.02.001.003,Common wheat grain,France,FR,0.141,0.045,0111
A.01.02.001.003,Common wheat grain,Germany,DE,0.044,0.045,0111
A.01.02.001.003,Common wheat grain,Hungary,HU,0.057,0.045,0111
A.01.02.001.003,Common wheat grain,Italy,IT,0.57,0.045,0111
A.01.02.001.003,Common wheat grain,Romania,RO,0.013,0.045,0111
A.01.02.001.003,Common wheat grain,Slovakia,SK,0.012,0.045,0111
A.01.02.001.003,Common wheat grain,USA,US,0.04,0.045,0111
A.01.02.001.004,Durum wheat grain,Australia,AU,0.017,0.045,0111
A.01.02.001.004,Durum wheat grain,Austria,AT,0.027,0.045,0111
A.01.02.001.004,Durum wheat grain,Bulgaria,BG,0.03,0.045,0111
A.01.02.001.004,Durum wheat grain,Canada,CA,0.049,0.045,0111
A.01.02.001.004,Durum wheat grain,France,FR,0.141,0.045,0111
A.01.02.001.004,Durum wheat grain,Germany,DE,0.044,0.045,0111
A.01.02.001.004,Durum wheat grain,Hungary,HU,0.057,0.045,0111
A.01.02.001.004,Durum wheat grain,Italy,IT,0.57,0.045,0111
A.01.02.001.004,Durum wheat grain,Romania,RO,0.013,0.045,0111
A.01.02.001.004,Durum wheat grain,Slovakia,SK,0.012,0.045,0111
A.01.02.001.004,Durum wheat grain,USA,US,0.04,0.045,0111
A.01.02.005,Spelt grain,Australia,AU,0.017,0.045,0111
A.01.02.005,Spelt grain,Austria,AT,0.027,0.045,0111
A.01.02.005,Spelt grain,Bulgaria,BG,0.03,0.045,0111
A.01.02.005,Spelt grain,Canada,CA,0.049,0.045,0111
A.01.02.005,Spelt grain,France,FR,0.141,0.045,0111
A.01.02.005,Spelt grain,Germany,DE,0.044,0.045,0111
A.01.02.005,Spelt grain,Hungary,HU,0.057,0.045,0111
A.01.02.005,Spelt grain,Italy,IT,0.57,0.045,0111
A.01.02.005,Spelt grain,Romania,RO,0.013,0.045,0111
A.01.02.005,Spelt grain,Slovakia,SK,0.012,0.045,0111
A.01.02.005,Spelt grain,USA,US,0.04,0.045,0111
A.02.10.002,"Tea (dried leaves and stalks, fermented or otherwise of Camellia sinensis), decaffeinated",Argentina,AR,0.032,0.07,01620
A.02.10.002,"Tea (dried leaves and stalks, fermented or otherwise of Camellia sinensis), decaffeinated",Sri Lanka,LK,0.262,0.07,01620
A.02.10.002,"Tea (dried leaves and stalks, fermented or otherwise of Camellia sinensis), decaffeinated",China,CN,0.128,0.07,01620
A.02.10.002,"Tea (dried leaves and stalks, fermented or otherwise of Camellia sinensis), decaffeinated",India,IN,0.329,0.07,01620
A.02.10.002,"Tea (dried leaves and stalks, fermented or otherwise of Camellia sinensis), decaffeinated",Indonesia,ID,0.056,0.07,01620
A.02.10.002,"Tea (dried leaves and stalks, fermented or otherwise of Camellia sinensis), decaffeinated",Kenya,KE,0.119,0.07,01620
A.02.10.002,"Tea (dried leaves and stalks, fermented or otherwise of Camellia sinensis), decaffeinated",Malawi,MW,0.029,0.07,01620
A.02.10.002,"Tea (dried leaves and stalks, fermented or otherwise of Camellia sinensis), decaffeinated",United Republic of Tanzania,TZ,0.017,0.07,01620
A.02.10.002,"Tea (dried leaves and stalks, fermented or otherwise of Camellia sinensis), decaffeinated",Turkey,TR,0.014,0.07,01620
A.02.10.002,"Tea (dried leaves and stalks, fermented or otherwise of Camellia sinensis), decaffeinated",Uganda,UG,0.013,0.07,01620
A.08.01.003,Water buffalo milk,Comoros,KM,0.033,0.07,02212
A.08.01.003,Water buffalo milk,Indonesia,ID,0.034,0.07,02212
A.08.01.003,Water buffalo milk,Madagascar,MG,0.912,0.07,02212
A.08.01.003,Water buffalo milk,Uganda,UG,0.021,0.07,02212
A.08.01.005,Goat milk,Italy,IT,1,0.017,02292
A.06.01.003,Pig muscle,Austria,AT,0.015,0.057,21113.02
A.06.01.003,Pig muscle,Denmark,DK,0.043,0.057,21113.02
A.06.01.003,Pig muscle,France,FR,0.042,0.057,21113.02
A.06.01.003,Pig muscle,Germany,DE,0.128,0.057,21113.02
A.06.01.003,Pig muscle,Italy,IT,0.629,0.057,21113.02
A.06.01.003,Pig muscle,Netherlands,NL,0.045,0.057,21113.02
A.06.01.003,Pig muscle,Poland,PL,0.015,0.057,21113.02
A.06.01.003,Pig muscle,Spain,ES,0.06,0.057,21113.02
A.06.01.003,Pig muscle,Belgium,BE,0.023,0.057,21113.02
A.06.02.005,Pigeon fresh meat,Argentina,AR,0.022,0.057,21170.01
A.06.02.005,Pigeon fresh meat,China,CN,0.159,0.057,21170.01
A.06.02.005,Pigeon fresh meat,France,FR,0.289,0.057,21170.01
A.06.02.005,Pigeon fresh meat,Hungary,HU,0.014,0.057,21170.01
A.06.02.005,Pigeon fresh meat,Italy,IT,0.272,0.057,21170.01
A.06.02.005,Pigeon fresh meat,Republic of Korea,KR,0.019,0.057,21170.01
A.06.02.005,Pigeon fresh meat,New Zealand,NZ,0.205,0.057,21170.01
A.06.02.005,Pigeon fresh meat,Poland,PL,0.021,0.057,21170.01
A.07.01.001,Herrings,Rest of World,RoW,1,0.02,BF-01
I.07.03.001.002,Herring roe,Rest of World,RoW,1,0.02,BF-02
A.07.01.002,Sprat,Rest of World,RoW,1,0.02,BF-03
A.07.01.003,European sardine,Rest of World,RoW,1,0.02,BF-04
A.07.01.004,Anchovies,Rest of World,RoW,1,0.02,BF-05
A.07.01.007,Char,Rest of World,RoW,1,0.02,BF-06
A.07.01.008,Smelt,Rest of World,RoW,1,0.02,BF-07
A.07.01.009,Whitefishes or coregonus,Rest of World,RoW,1,0.02,BF-08
A.07.01.010,Perch,Rest of World,RoW,1,0.02,BF-09
A.07.01.011,Sea bass,Rest of World,RoW,1,0.02,BF-10
A.07.01.013,Mackerel,Rest of World,RoW,1,0.02,BF-11
A.07.01.014,Tuna and bonito (generic),Rest of World,RoW,1,0.02,BF-12
A.07.01.016,Mullets,Rest of World,RoW,1,0.02,BF-13
A.07.01.018,Hakes,Rest of World,RoW,1,0.02,BF-14
A.07.01.019,Flounders,Rest of World,RoW,1,0.02,BF-15
A.07.01.020,Halibut,Rest of World,RoW,1,0.02,BF-16
A.07.01.021,Plaice,Rest of World,RoW,1,0.02,BF-17
A.07.01.022,Sole,Rest of World,RoW,1,0.02,BF-18
A.07.01.024,Carps,Rest of World,RoW,1,0.02,BF-19
A.07.01.026,Freshwater bream - Europe,Rest of World,RoW,1,0.02,BF-20
A.07.01.027,River eels,Rest of World,RoW,1,0.02,BF-21
A.07.01.029,Anglerfish and monkfish,Rest of World,RoW,1,0.02,BF-22
A.07.01.030,Sharks,Rest of World,RoW,1,0.02,BF-23
A.07.01.031,Rays,Rest of World,RoW,1,0.02,BF-24
A.07.01.032,Sturgeon roe,Rest of World,RoW,1,0.02,BF-25
A.07.01.033,Bonito,Rest of World,RoW,1,0.02,BF-26
A.07.01.035,Sardines and sardine-type fishes,Rest of World,RoW,1,0.02,BF-27
A.07.01.036,Swordfish,Rest of World,RoW,1,0.02,BF-28
A.07.04.001,Freshwater crabs,Rest of World,RoW,1,0.02,BF-29
A.07.04.002,Lobsters,Rest of World,RoW,1,0.02,BF-30
A.07.04.003,"Lobster, norway",Rest of World,RoW,1,0.02,BF-31
A.07.04.004,"Prawn, giant tiger",Rest of World,RoW,1,0.02,BF-32
A.07.04.005,White shrimp,Rest of World,RoW,1,0.02,BF-33
A.07.04.006,Spiny and rock lobsters,Rest of World,RoW,1,0.02,BF-34
A.07.04.007,Freshwater crayfishes,Rest of World,RoW,1,0.02,BF-35
A.07.05.001,Squids,Rest of World,RoW,1,0.02,BF-36
A.07.05.002,Octopuses,Rest of World,RoW,1,0.02,BF-37
A.07.05.003,Cuttlefishes,Rest of World,RoW,1,0.02,BF-38
A.07.05.005,Clams,Rest of World,RoW,1,0.02,BF-39
A.07.05.006,Cockles,Rest of World,RoW,1,0.02,BF-40
A.07.05.007,Mussels,Rest of World,RoW,1,0.02,BF-41
A.07.05.008,Oysters,Rest of World,RoW,1,0.02,BF-42
A.07.05.010,"Scallops, pectens",Rest of World,RoW,1,0.02,BF-43
A.07.05.013,"Whelk (Buccinum undatum, Fusus antiquus)",Rest of World,RoW,1,0.02,BF-44
A.07.05.014,Winkle (Littorina littorea),Rest of World,RoW,1,0.02,BF-44
A.07.06.001,Frogs (legs),Rest of World,RoW,1,0.02,BF-45
A.07.06.004,Snails,Rest of World,RoW,1,0.02,BF-46
I.07.01.006.001,Salmons,Rest of World,RoW,1,0.02,BF-47
I.07.01.006.002,Trouts,Rest of World,RoW,1,0.02,BF-48
I.07.01.015.001,Catfishes (freshwater),Rest of World,RoW,1,0.02,BF-49
I.07.01.015.002,Wolffish,Rest of World,RoW,1,0.02,BF-50
I.07.01.017.001,Cod,Rest of World,RoW,1,0.02,BF-51
I.07.03.002.001,Cod liver,Rest of World,RoW,1,0.02,BF-52
I.07.03.001.001,Cod roe,Rest of World,RoW,1,0.02,BF-53
I.07.01.017.002,seed,Rest of World,RoW,1,0.02,BF-54
I.07.01.017.004,Haddock,Rest of World,RoW,1,0.02,BF-55
I.07.03.001.003,Lumpfish roe,Rest of World,RoW,1,0.02,BF-56
A.02.08.002,Sugar cane (Saccharum officinarum),Spain,ES,1,0.045,01802
A.05.05.003,Palmfruit (Elaeis guineensis),Malaysia,MY,0.3,0.06,01491.01
A.05.05.003,Palmfruit (Elaeis guineensis),Indonesia,ID,0.7,0.06,01491.01
